-0.265,0.837,1.506,29.602,43.579,-102.234
-0.231,0.787,1.564,33.325,32.532,-103.699
-0.217,0.772,1.576,38.574,17.334,-106.995
-0.229,0.775,1.508,43.030,1.526,-111.023
-0.257,0.826,1.452,45.471,-11.292,-115.784
-0.283,0.890,1.394,53.528,-21.729,-121.094
-0.334,0.924,1.395,65.491,-30.151,-125.793
-0.378,0.944,1.390,74.768,-38.330,-128.601
-0.392,0.946,1.336,82.703,-49.438,-131.470
-0.429,0.990,1.282,90.210,-62.439,-136.353
-0.492,1.048,1.155,97.595,-76.843,-141.541
-0.560,1.092,0.965,105.164,-90.454,-145.447
-0.680,1.238,0.780,110.474,-98.572,-148.499
-0.795,1.668,0.788,118.347,-99.915,-147.827
-0.982,1.472,0.577,130.554,-101.135,-136.719
-1.064,1.607,0.570,138.184,-99.976,-129.272
-1.180,1.645,0.561,136.963,-98.877,-120.972
-1.272,1.726,0.508,131.042,-98.877,-114.502
-1.342,1.747,0.441,130.493,-99.365,-105.347
-1.411,1.800,0.391,134.949,-95.825,-97.168
-1.490,1.895,0.415,144.836,-87.036,-88.928
-1.533,1.974,0.467,159.119,-78.613,-79.102
-1.562,2.101,0.517,170.593,-73.181,-66.406
-1.591,2.313,0.557,176.880,-72.388,-48.279
-1.626,2.441,0.512,177.490,-78.125,-21.240
-1.587,2.458,0.404,166.504,-86.792,10.498
-1.483,2.363,0.396,146.362,-95.703,44.983
-1.337,2.142,0.396,126.038,-108.215,79.651
-1.211,1.880,0.302,110.596,-124.390,105.774
-1.141,1.638,0.110,109.009,-137.085,118.958
-1.126,1.429,-0.078,116.821,-138.428,122.620
-1.111,1.304,-0.226,119.812,-123.230,121.216
-1.061,1.270,-0.343,118.774,-97.290,117.798
-0.993,1.246,-0.377,124.573,-72.937,115.417
-0.933,1.228,-0.379,130.493,-52.917,113.342
-0.907,1.222,-0.387,129.150,-35.950,112.366
-0.874,1.225,-0.393,122.192,-21.484,115.173
-0.799,1.192,-0.362,112.671,-8.667,121.521
-0.713,1.137,-0.255,103.455,1.709,129.333
-0.625,1.048,-0.133,96.375,8.118,136.414
-0.542,0.968,-0.058,87.585,8.789,141.296
-0.471,0.886,-0.026,75.256,5.066,144.592
-0.408,0.805,-0.031,62.012,0.305,146.729
-0.360,0.760,-0.022,49.072,-2.869,147.217
-0.314,0.700,-0.049,37.720,-4.761,147.827
-0.254,0.622,-0.071,26.489,-5.310,148.193
-0.204,0.557,-0.048,15.625,-4.639,146.729
-0.161,0.475,-0.034,5.676,-3.967,144.348
-0.128,0.390,-0.044,-4.089,-3.418,140.259
-0.108,0.351,-0.027,-14.099,-2.319,134.216
-0.109,0.334,0.024,-20.691,-0.305,127.014
-0.112,0.307,0.066,-20.142,1.526,120.544
-0.133,0.260,0.122,-16.785,4.395,114.075
-0.139,0.239,0.178,-13.794,8.179,106.750
-0.156,0.210,0.224,-9.644,11.963,98.816
-0.169,0.158,0.257,-3.906,15.198,91.614
-0.173,0.083,0.314,1.465,17.944,85.266
-0.178,-0.006,0.395,3.723,18.738,79.041
-0.175,-0.090,0.487,-0.305,17.090,73.853
-0.165,-0.182,0.601,-9.521,12.573,69.336
-0.168,-0.254,0.706,-20.691,4.944,64.026
-0.184,-0.283,0.785,-32.349,-4.700,56.824
-0.220,-0.286,0.835,-39.673,-15.442,48.340
-0.270,-0.311,0.826,-42.419,-27.100,39.917
-0.333,-0.330,0.780,-40.649,-36.987,30.212
-0.414,-0.302,0.707,-37.292,-42.847,19.043
-0.492,-0.249,0.629,-32.288,-44.617,7.812
-0.566,-0.193,0.563,-24.719,-43.274,-0.854
-0.625,-0.147,0.516,-15.808,-39.673,-6.042
-0.680,-0.098,0.472,-8.728,-34.668,-8.728
-0.723,-0.058,0.439,-5.310,-28.992,-8.606
-0.746,-0.051,0.433,-4.395,-23.193,-6.287
-0.752,-0.081,0.448,-5.859,-18.127,-3.662
-0.753,-0.121,0.483,-9.155,-14.282,-1.160
-0.748,-0.149,0.531,-12.207,-11.658,0.061
-0.746,-0.166,0.573,-13.611,-10.681,-0.183
-0.752,-0.157,0.591,-14.526,-11.780,-1.526
-0.765,-0.146,0.572,-14.648,-14.526,-3.418
-0.774,-0.104,0.543,-15.503,-17.395,-5.249
-0.788,-0.053,0.505,-17.822,-19.836,-7.141
-0.802,-0.032,0.450,-19.775,-21.423,-8.606
-0.811,-0.003,0.402,-21.179,-21.301,-10.498
-0.827,0.052,0.360,-20.508,-18.188,-13.123
-0.853,0.104,0.341,-16.052,-13.184,-15.869
-0.871,0.126,0.338,-10.437,-7.324,-17.212
-0.871,0.138,0.374,-6.165,-1.465,-17.151
-0.865,0.142,0.439,-4.150,2.747,-16.602
-0.867,0.149,0.498,-3.967,3.418,-15.625
-0.878,0.159,0.530,-6.226,0.488,-14.282
-0.884,0.168,0.530,-9.644,-4.456,-12.878
-0.885,0.164,0.511,-13.733,-9.827,-11.047
-0.887,0.150,0.482,-16.907,-15.259,-9.521
-0.891,0.141,0.443,-19.470,-18.860,-9.094
-0.911,0.150,0.422,-20.081,-20.203,-9.338
-0.932,0.174,0.391,-19.104,-19.653,-9.521
-0.951,0.199,0.337,-15.991,-17.212,-9.827
-0.974,0.206,0.299,-10.925,-12.390,-9.644
-0.975,0.200,0.311,-5.798,-6.165,-8.789
-0.961,0.175,0.346,-3.296,-0.671,-6.592
-0.942,0.152,0.386,-3.784,2.625,-5.066
-0.935,0.146,0.425,-5.066,3.479,-4.700
-0.927,0.144,0.449,-6.226,2.625,-4.028
-0.911,0.123,0.461,-7.751,1.099,-3.113
-0.900,0.107,0.464,-9.399,-0.366,-2.869
-0.893,0.115,0.470,-10.376,-1.770,-3.296
-0.887,0.120,0.473,-11.047,-3.052,-3.601
-0.872,0.117,0.467,-11.353,-3.967,-3.723
-0.861,0.124,0.461,-11.963,-4.578,-4.028
-0.852,0.125,0.462,-12.756,-4.700,-4.150
-0.847,0.131,0.461,-13.245,-5.005,-4.395
-0.854,0.146,0.451,-12.512,-5.188,-4.761
-0.857,0.164,0.441,-10.315,-4.883,-4.883
-0.862,0.182,0.439,-7.751,-4.456,-4.883
-0.866,0.173,0.432,-6.226,-4.028,-4.578
-0.866,0.160,0.433,-5.554,-3.540,-3.967
-0.865,0.154,0.444,-5.066,-3.296,-3.723
-0.869,0.149,0.444,-5.188,-3.662,-3.906
-0.866,0.148,0.428,-5.554,-4.333,-4.150
-0.868,0.148,0.417,-5.676,-4.395,-4.272

-0.508,1.142,1.072,-18.250,-25.696,-120.178
-0.565,1.101,1.033,-12.512,-39.795,-112.671
-0.614,1.127,0.986,-6.042,-48.584,-107.666
-0.675,1.182,0.942,4.761,-51.453,-106.140
-0.764,1.230,0.914,22.827,-50.232,-105.957
-0.852,1.280,0.923,42.664,-45.715,-104.065
-0.931,1.300,0.924,59.448,-40.649,-99.060
-0.989,1.268,0.938,72.021,-36.377,-92.773
-1.035,1.322,0.975,80.994,-33.875,-86.914
-1.096,1.246,1.001,89.111,-34.058,-80.933
-1.136,1.241,1.021,97.229,-36.194,-76.660
-1.193,1.224,1.019,105.652,-40.100,-72.693
-1.258,1.208,0.997,113.525,-45.105,-68.542
-1.319,1.335,0.968,121.399,-51.208,-64.026
-1.390,1.273,0.818,129.700,-58.960,-55.054
-1.411,1.318,0.753,133.484,-65.369,-46.387
-1.437,1.285,0.637,135.071,-71.655,-36.011
-1.456,1.269,0.508,133.118,-77.087,-26.489
-1.477,1.301,0.362,131.287,-79.773,-18.005
-1.491,1.308,0.211,131.042,-79.224,-10.437
-1.497,1.330,0.081,131.042,-75.073,-3.357
-1.488,1.299,0.021,130.493,-67.139,4.395
-1.464,1.307,-0.020,129.761,-58.105,12.268
-1.434,1.331,-0.022,129.272,-49.194,19.287
-1.392,1.335,-0.013,129.883,-41.748,26.917
-1.343,1.311,-0.003,129.456,-36.499,34.912
-1.286,1.281,-0.013,126.648,-33.081,42.969
-1.226,1.255,-0.065,122.192,-31.128,50.171
-1.167,1.260,-0.040,118.408,-29.236,56.824
-1.097,1.213,-0.042,112.610,-30.029,64.758
-1.034,1.176,-0.070,103.210,-32.959,71.960
-0.984,1.164,-0.057,94.421,-35.034,77.332
-0.954,1.136,-0.099,88.013,-38.025,82.520
-0.908,1.113,-0.155,83.069,-40.955,86.853
-0.878,1.082,-0.224,78.003,-41.565,91.187
-0.857,1.021,-0.278,71.594,-39.001,95.886
-0.827,0.947,-0.318,65.552,-34.363,99.121
-0.789,0.874,-0.338,60.486,-28.076,100.098
-0.763,0.810,-0.334,56.885,-20.508,99.060
-0.744,0.768,-0.310,55.176,-12.024,96.130
-0.724,0.732,-0.280,55.176,-4.272,92.651
-0.710,0.710,-0.238,55.176,3.052,89.355
-0.705,0.718,-0.200,53.223,9.766,85.510
-0.697,0.716,-0.172,49.438,14.038,82.336
-0.682,0.727,-0.136,43.640,16.541,80.078
-0.671,0.732,-0.087,36.377,17.456,78.979
-0.655,0.723,-0.042,28.931,16.968,79.529
-0.636,0.708,-0.001,22.339,15.442,80.750
-0.620,0.702,0.036,17.883,13.977,82.092
-0.606,0.681,0.062,16.113,12.268,84.045
-0.584,0.615,0.085,16.052,10.559,86.853
-0.555,0.535,0.121,15.259,8.545,88.928
-0.531,0.461,0.167,11.902,5.798,88.684
-0.533,0.420,0.197,6.531,1.953,87.524
-0.538,0.392,0.193,1.526,-2.014,86.487
-0.540,0.348,0.179,-3.601,-4.944,86.670
-0.536,0.296,0.175,-8.911,-5.981,87.646
-0.545,0.256,0.183,-13.245,-6.042,88.257
-0.552,0.206,0.195,-15.564,-6.042,88.562
-0.563,0.142,0.231,-17.517,-6.104,89.111
-0.562,0.071,0.261,-21.179,-7.141,90.149
-0.553,-0.010,0.280,-27.771,-9.888,91.675
-0.547,-0.088,0.267,-36.377,-14.038,91.858
-0.556,-0.125,0.257,-47.241,-17.700,90.393
-0.552,-0.152,0.248,-58.167,-20.325,88.989
-0.549,-0.183,0.241,-67.017,-21.301,87.097
-0.550,-0.199,0.239,-73.486,-20.996,83.801
-0.551,-0.219,0.244,-77.637,-18.494,79.590
-0.542,-0.237,0.266,-78.979,-14.343,74.829
-0.524,-0.274,0.286,-78.064,-9.277,69.031
-0.509,-0.294,0.332,-75.867,-4.028,62.073
-0.497,-0.315,0.391,-73.120,1.648,54.260
-0.479,-0.319,0.455,-70.313,7.080,46.204
-0.467,-0.309,0.546,-65.552,12.024,38.086
-0.458,-0.304,0.657,-58.472,15.625,30.518
-0.451,-0.314,0.744,-49.744,16.541,23.193
-0.456,-0.332,0.795,-42.480,14.099,16.602
-0.463,-0.328,0.826,-37.903,9.277,9.888
-0.485,-0.317,0.817,-36.133,2.502,3.174
-0.513,-0.306,0.763,-35.645,-4.150,-3.479
-0.553,-0.258,0.697,-36.072,-8.362,-10.803
-0.614,-0.178,0.647,-35.217,-9.521,-19.165
-0.671,-0.101,0.617,-31.433,-8.057,-25.940
-0.712,-0.056,0.608,-25.269,-4.944,-31.067
-0.748,-0.000,0.625,-19.226,-0.793,-35.522
-0.788,0.072,0.645,-14.282,3.235,-39.429
-0.816,0.125,0.662,-9.705,6.042,-41.565
-0.844,0.161,0.668,-4.639,7.812,-41.687
-0.870,0.199,0.661,-0.244,8.606,-40.527
-0.883,0.221,0.659,2.380,8.789,-38.147
-0.894,0.233,0.665,3.906,7.629,-33.936
-0.908,0.221,0.656,4.395,4.333,-28.870
-0.918,0.208,0.620,2.808,-0.610,-23.743
-0.927,0.196,0.578,0.427,-5.493,-19.043
-0.938,0.167,0.518,-1.526,-9.766,-15.320
-0.948,0.138,0.463,-2.441,-13.062,-13.123
-0.958,0.128,0.416,-2.747,-13.977,-12.756
-0.966,0.133,0.372,-1.404,-12.634,-13.794
-0.976,0.141,0.343,2.136,-10.010,-15.259
-0.978,0.152,0.330,6.165,-6.897,-16.663
-0.985,0.176,0.317,9.705,-3.967,-17.517
-0.988,0.204,0.315,10.559,-1.221,-16.907
-0.983,0.222,0.315,10.925,1.221,-15.137
-0.982,0.224,0.332,11.353,2.502,-12.634
-0.983,0.209,0.356,10.681,2.686,-9.949
-0.975,0.198,0.363,8.301,1.160,-7.263
-0.969,0.185,0.364,5.981,-0.610,-5.554
-0.964,0.168,0.354,3.784,-2.258,-4.456
-0.952,0.145,0.344,3.174,-3.296,-3.723
-0.942,0.114,0.343,2.991,-3.601,-3.418
-0.936,0.114,0.348,2.075,-3.479,-3.845
-0.934,0.121,0.348,0.366,-3.662,-4.211
-0.941,0.143,0.342,-0.244,-3.845,-4.761
-0.949,0.166,0.338,0.000,-3.540,-4.822
-0.953,0.180,0.320,0.793,-2.808,-4.395
-0.951,0.187,0.313,1.831,-1.404,-3.357
-0.944,0.185,0.327,2.502,0.244,-1.953
-0.938,0.180,0.342,2.319,0.916,-0.732
-0.930,0.169,0.345,1.526,1.160,0.183

-1.090,0.976,0.663,39.673,25.269,-108.398
-1.132,0.988,0.798,39.063,23.499,-102.112
-1.180,0.988,0.885,37.048,15.991,-95.154
-1.216,0.991,0.921,35.095,6.958,-88.013
-1.259,1.000,0.919,38.574,-0.610,-82.458
-1.309,1.012,0.898,48.218,-5.920,-77.148
-1.344,1.014,0.868,59.875,-8.484,-72.510
-1.357,0.969,0.830,71.472,-9.155,-68.237
-1.391,1.082,0.810,83.008,-7.751,-64.270
-1.405,1.101,0.786,96.069,-5.127,-58.655
-1.406,1.094,0.808,107.727,-1.648,-53.894
-1.403,1.100,0.824,118.958,1.770,-48.706
-1.388,1.102,0.838,129.150,3.174,-43.884
-1.380,1.122,0.868,136.780,2.075,-39.795
-1.369,1.168,0.878,143.311,-1.831,-35.278
-1.351,1.204,0.848,149.658,-8.057,-29.236
-1.328,1.254,0.779,155.273,-15.259,-22.217
-1.313,1.315,0.698,158.813,-22.583,-14.282
-1.295,1.357,0.594,160.645,-29.907,-4.944
-1.270,1.372,0.494,159.912,-36.194,5.859
-1.231,1.362,0.406,155.579,-41.504,18.494
-1.186,1.322,0.327,150.085,-46.326,31.006
-1.138,1.254,0.259,145.203,-49.988,41.931
-1.101,1.185,0.189,142.029,-51.941,50.110
-1.059,1.142,0.141,140.564,-51.880,55.298
-1.022,1.076,0.078,141.724,-49.683,58.411
-0.986,1.017,0.038,144.592,-45.898,59.570
-0.954,0.974,0.063,147.766,-40.955,59.204
-0.921,0.923,0.033,147.583,-38.330,58.411
-0.891,0.884,-0.019,141.846,-37.048,57.007
-0.880,0.879,-0.004,135.986,-34.790,54.626
-0.892,0.899,-0.001,130.615,-33.875,52.368
-0.898,0.942,-0.035,125.061,-33.691,50.781
-0.916,0.986,-0.078,120.911,-32.532,50.354
-0.916,1.005,-0.080,117.004,-30.884,53.040
-0.922,1.021,-0.068,109.802,-30.396,58.350
-0.925,1.029,-0.081,99.243,-32.471,65.002
-0.894,1.015,-0.107,87.158,-35.645,72.632
-0.870,0.996,-0.125,76.477,-38.086,79.956
-0.843,0.942,-0.141,67.871,-39.246,87.036
-0.806,0.875,-0.164,59.082,-39.551,93.262
-0.769,0.825,-0.166,50.293,-38.147,97.473
-0.737,0.764,-0.171,44.006,-35.461,99.976
-0.696,0.679,-0.171,38.818,-32.715,101.501
-0.655,0.597,-0.166,34.058,-29.419,101.746
-0.611,0.543,-0.153,28.748,-25.818,100.281
-0.570,0.491,-0.142,23.315,-22.400,97.656
-0.549,0.453,-0.136,19.165,-19.043,94.177
-0.518,0.435,-0.106,15.076,-15.564,90.332
-0.500,0.419,-0.075,10.864,-12.329,86.914
-0.489,0.370,-0.040,6.470,-10.132,84.595
-0.482,0.315,0.016,1.587,-8.911,82.642
-0.480,0.266,0.065,-5.005,-9.827,80.261
-0.476,0.222,0.088,-13.184,-12.634,77.332
-0.486,0.177,0.094,-21.179,-15.808,73.914
-0.501,0.138,0.094,-28.320,-18.494,70.618
-0.511,0.111,0.079,-34.424,-20.325,66.528
-0.529,0.110,0.047,-39.551,-19.958,61.218
-0.552,0.105,0.029,-41.260,-16.418,55.664
-0.561,0.093,0.048,-40.955,-10.498,50.964
-0.571,0.088,0.093,-40.833,-4.517,46.753
-0.575,0.078,0.134,-41.565,0.488,43.884
-0.577,0.070,0.175,-43.457,4.395,41.870
-0.583,0.060,0.224,-46.204,7.202,40.771
-0.584,0.045,0.273,-49.866,9.033,40.344
-0.580,0.051,0.333,-54.443,9.888,39.673
-0.588,0.056,0.386,-58.838,10.132,39.307
-0.596,0.049,0.446,-61.890,9.155,40.161
-0.598,0.020,0.500,-64.392,6.714,41.565
-0.597,-0.020,0.534,-66.895,2.869,43.091
-0.593,-0.075,0.543,-68.909,-1.465,43.579
-0.602,-0.115,0.537,-69.763,-4.700,42.542
-0.615,-0.162,0.508,-68.970,-6.287,39.551
-0.621,-0.192,0.494,-66.406,-5.310,35.095
-0.626,-0.209,0.500,-61.462,-2.075,29.724
-0.628,-0.271,0.475,-54.688,2.319,23.804
-0.633,-0.300,0.498,-50.232,7.812,17.029
-0.629,-0.307,0.535,-47.913,13.184,10.193
-0.632,-0.288,0.560,-45.288,16.174,3.479
-0.652,-0.234,0.590,-42.847,17.334,-2.319
-0.671,-0.184,0.612,-41.321,17.090,-5.676
-0.681,-0.173,0.623,-39.673,14.771,-6.958
-0.688,-0.189,0.628,-37.781,11.414,-7.263
-0.694,-0.207,0.626,-36.926,7.202,-7.690
-0.706,-0.209,0.616,-37.354,1.831,-8.667
-0.729,-0.218,0.581,-38.757,-3.418,-9.827
-0.757,-0.217,0.520,-40.100,-7.568,-11.353
-0.792,-0.190,0.467,-40.100,-9.644,-14.099
-0.824,-0.162,0.415,-38.025,-8.911,-16.968
-0.852,-0.128,0.369,-33.997,-5.615,-20.142
-0.879,-0.084,0.343,-29.236,-0.244,-23.926
-0.905,-0.039,0.355,-23.437,6.714,-27.588
-0.931,0.018,0.410,-17.883,13.184,-30.701
-0.954,0.071,0.470,-13.855,17.090,-32.410
-0.966,0.106,0.508,-12.024,17.151,-32.532
-0.984,0.139,0.522,-11.780,14.465,-31.677
-0.997,0.172,0.517,-12.146,10.315,-30.151
-1.013,0.207,0.503,-11.902,6.470,-27.893
-1.033,0.234,0.482,-12.695,3.296,-25.024
-1.045,0.251,0.461,-13.794,0.610,-21.423
-1.053,0.254,0.448,-14.099,-0.854,-17.334
-1.052,0.236,0.455,-13.794,-1.099,-13.794
-1.047,0.209,0.465,-13.611,-0.977,-10.681
-1.038,0.180,0.464,-12.268,-0.854,-8.972
-1.032,0.171,0.466,-10.681,-0.610,-8.423
-1.026,0.177,0.468,-8.972,0.000,-8.301
-1.016,0.184,0.466,-7.202,0.244,-8.118
-1.005,0.185,0.464,-5.676,0.916,-7.202
-0.990,0.180,0.475,-4.395,1.709,-5.920
-0.974,0.171,0.481,-2.991,2.136,-4.944
-0.961,0.159,0.490,-1.099,1.465,-4.150
-0.957,0.152,0.489,0.549,0.305,-3.418
-0.942,0.137,0.496,1.404,-2.136,-2.197
-0.929,0.133,0.471,0.793,-5.066,-0.793
-0.924,0.138,0.452,-0.244,-7.385,0.000
-0.920,0.129,0.415,-0.244,-8.911,1.160
-0.913,0.120,0.388,0.000,-8.972,1.770
-0.907,0.125,0.361,0.000,-7.568,2.075
-0.897,0.123,0.340,0.305,-5.493,2.258

-0.691,0.921,1.233,1.648,18.250,-99.060
-0.748,0.927,1.265,-2.747,2.014,-91.614
-0.813,0.932,1.207,-6.653,-13.306,-84.656
-0.859,0.946,1.147,-4.639,-23.987,-79.407
-0.897,0.923,1.102,5.310,-28.931,-74.951
-0.917,0.876,1.062,19.897,-30.090,-71.228
-0.909,0.816,1.047,34.241,-29.236,-68.237
-0.912,0.775,1.038,46.570,-28.259,-66.406
-0.904,0.735,1.032,55.237,-28.259,-65.491
-0.924,0.701,1.020,61.523,-28.992,-65.430
-0.956,0.736,1.007,67.810,-30.212,-66.406
-0.981,0.786,0.983,76.111,-31.921,-66.956
-1.001,0.817,0.963,84.656,-33.752,-65.430
-1.003,0.824,0.976,91.553,-36.072,-62.073
-0.999,0.826,0.959,96.130,-40.771,-58.411
-0.998,0.848,0.918,99.426,-47.363,-54.810
-1.000,0.873,0.865,101.685,-54.138,-50.415
-0.995,0.928,0.824,102.600,-60.791,-44.617
-0.995,0.895,0.747,102.722,-67.261,-37.903
-0.994,0.882,0.673,101.196,-72.510,-32.288
-0.995,0.912,0.610,99.487,-75.256,-28.503
-0.995,0.953,0.540,100.220,-76.111,-25.513
-1.003,0.996,0.493,103.943,-75.073,-22.949
-1.009,1.049,0.467,107.361,-71.655,-20.264
-1.007,1.116,0.446,109.985,-67.871,-17.212
-1.010,1.163,0.440,113.220,-63.965,-13.733
-1.003,1.178,0.430,117.188,-60.791,-9.888
-0.993,1.192,0.431,121.582,-58.533,-5.798
-0.981,1.205,0.420,124.023,-57.312,-2.075
-0.951,1.203,0.411,124.756,-57.495,3.052
-0.917,1.180,0.399,124.695,-59.326,9.216
-0.884,1.139,0.381,121.887,-63.171,16.357
-0.857,1.113,0.342,114.807,-68.604,22.705
-0.847,1.114,0.284,106.750,-74.646,28.381
-0.860,1.108,0.181,99.915,-79.285,34.973
-0.870,1.120,0.149,93.262,-80.505,42.175
-0.880,1.070,0.067,87.646,-80.872,49.438
-0.901,1.043,0.031,83.252,-79.407,55.115
-0.935,1.021,-0.011,80.200,-77.026,60.242
-0.936,1.005,-0.077,75.623,-74.707,65.430
-0.942,0.991,-0.161,71.838,-70.862,69.214
-0.951,0.953,-0.231,69.031,-64.575,73.425
-0.933,0.889,-0.285,64.331,-56.396,78.674
-0.896,0.823,-0.309,56.213,-46.326,83.984
-0.857,0.762,-0.295,47.302,-36.133,87.585
-0.819,0.713,-0.262,40.222,-26.489,88.928
-0.779,0.666,-0.217,35.217,-17.212,89.355
-0.740,0.631,-0.162,31.067,-8.728,88.989
-0.700,0.601,-0.105,27.527,-2.380,87.952
-0.662,0.584,-0.054,24.231,2.441,86.853
-0.620,0.561,0.010,20.447,5.981,86.487
-0.575,0.514,0.062,16.479,7.446,86.853
-0.531,0.454,0.092,12.024,6.714,87.830
-0.489,0.402,0.124,5.615,5.676,88.074
-0.464,0.382,0.164,-1.831,5.066,86.731
-0.450,0.357,0.195,-6.653,4.517,84.961
-0.432,0.313,0.232,-8.667,4.028,83.923
-0.416,0.265,0.288,-9.827,4.089,82.642
-0.398,0.211,0.340,-11.414,2.869,81.238
-0.387,0.147,0.369,-13.000,0.305,78.857
-0.371,0.076,0.390,-14.465,-3.296,75.623
-0.366,-0.004,0.392,-17.029,-7.202,71.228
-0.380,-0.070,0.378,-21.545,-11.780,65.491
-0.410,-0.127,0.372,-28.809,-15.503,59.753
-0.425,-0.154,0.375,-36.865,-16.785,54.260
-0.443,-0.181,0.368,-41.748,-16.846,48.767
-0.464,-0.221,0.368,-42.542,-15.808,42.969
-0.479,-0.267,0.383,-42.175,-13.306,36.682
-0.495,-0.292,0.404,-41.443,-10.254,28.931
-0.521,-0.278,0.431,-39.612,-7.080,19.836
-0.558,-0.235,0.471,-36.133,-4.333,10.498
-0.599,-0.192,0.511,-31.677,-1.770,2.747
-0.624,-0.150,0.556,-27.649,0.000,-2.319
-0.655,-0.110,0.591,-23.682,0.549,-5.249
-0.680,-0.073,0.606,-20.386,-0.244,-7.446
-0.705,-0.044,0.616,-17.883,-1.343,-8.362
-0.726,-0.037,0.624,-15.442,-2.808,-7.812
-0.736,-0.040,0.612,-13.855,-4.333,-6.592
-0.751,-0.034,0.593,-13.428,-5.676,-5.432
-0.774,-0.023,0.571,-13.123,-6.775,-4.578
-0.789,-0.029,0.532,-13.306,-7.568,-3.357
-0.797,-0.051,0.499,-13.672,-7.141,-2.319
-0.813,-0.060,0.485,-12.756,-5.432,-2.808
-0.832,-0.066,0.488,-10.742,-3.235,-4.456
-0.844,-0.066,0.482,-8.240,-1.099,-7.019
-0.858,-0.049,0.474,-5.859,1.282,-10.681
-0.874,-0.005,0.484,-2.747,3.784,-14.465
-0.888,0.040,0.500,0.549,6.104,-17.700
-0.894,0.068,0.513,3.784,7.141,-20.020
-0.905,0.125,0.517,5.920,6.775,-20.874
-0.919,0.184,0.504,5.798,5.249,-19.775
-0.931,0.224,0.481,4.761,2.869,-16.418
-0.942,0.230,0.454,3.052,0.427,-11.292
-0.937,0.206,0.441,0.366,-1.099,-5.737
-0.922,0.158,0.434,-2.136,-2.686,-2.014
-0.914,0.122,0.432,-4.700,-4.395,0.183
-0.913,0.108,0.423,-6.836,-5.798,-0.183
-0.913,0.102,0.411,-7.385,-6.531,-1.465
-0.917,0.102,0.400,-6.165,-6.836,-2.930
-0.930,0.126,0.374,-5.066,-6.897,-4.517
-0.948,0.168,0.338,-4.395,-6.409,-6.042
-0.960,0.195,0.318,-4.028,-5.005,-6.531
-0.967,0.212,0.306,-3.784,-2.869,-6.042
-0.970,0.226,0.322,-2.808,-0.122,-5.676
-0.964,0.224,0.357,-1.526,2.686,-4.639
-0.952,0.204,0.393,-0.977,3.723,-3.540
-0.936,0.192,0.408,-1.038,2.930,-2.747
-0.930,0.182,0.403,-2.441,0.916,-1.770
-0.922,0.176,0.397,-4.517,-0.732,-0.610
-0.914,0.162,0.401,-5.676,-1.831,0.305
-0.910,0.149,0.405,-5.920,-3.235,0.488
-0.909,0.148,0.402,-5.981,-4.578,0.488
-0.908,0.150,0.388,-6.592,-5.554,0.610
-0.906,0.157,0.366,-7.080,-5.920,0.916
-0.909,0.164,0.345,-6.287,-5.493,0.916
-0.909,0.176,0.337,-5.554,-3.967,0.977
-0.900,0.170,0.336,-5.005,-1.587,1.892
-0.888,0.158,0.354,-4.028,0.793,2.502
-0.880,0.154,0.376,-3.845,2.930,2.686

-0.947,0.890,0.976,8.362,9.094,-115.479
-0.998,0.882,1.064,12.695,4.028,-107.849
-1.045,0.926,1.118,12.146,-3.479,-100.830
-1.093,0.958,1.116,13.489,-12.085,-95.032
-1.127,0.963,1.088,18.677,-20.264,-89.722
-1.181,1.044,1.064,24.048,-24.109,-85.388
-1.186,1.080,1.075,32.166,-24.780,-79.285
-1.187,1.057,1.099,44.250,-25.391,-71.594
-1.178,1.035,1.100,55.664,-28.137,-65.063
-1.159,1.017,1.061,64.148,-31.860,-59.998
-1.129,1.039,1.030,71.228,-35.278,-55.420
-1.115,0.998,1.003,80.261,-38.818,-50.049
-1.073,0.969,0.953,89.172,-43.030,-43.579
-1.021,0.920,0.893,96.191,-47.119,-39.734
-0.974,0.910,0.847,102.600,-51.147,-37.170
-0.934,0.890,0.777,108.276,-55.847,-33.508
-0.892,0.860,0.699,111.145,-60.364,-29.785
-0.845,0.818,0.647,111.450,-64.148,-26.672
-0.817,0.763,0.568,110.474,-67.932,-24.536
-0.817,0.772,0.474,107.239,-69.824,-25.879
-0.839,0.866,0.376,105.164,-67.078,-31.494
-0.879,0.986,0.299,110.596,-58.777,-38.513
-0.898,1.081,0.281,122.986,-46.387,-43.762
-0.897,1.156,0.338,135.559,-33.569,-46.021
-0.899,1.237,0.423,141.785,-25.574,-46.143
-0.897,1.329,0.489,139.282,-24.231,-43.762
-0.898,1.390,0.527,132.507,-27.954,-39.124
-0.913,1.443,0.522,125.854,-33.630,-32.837
-0.917,1.535,0.517,121.155,-39.490,-26.001
-0.921,1.606,0.500,119.751,-45.410,-18.555
-0.944,1.659,0.522,119.629,-52.734,-9.949
-0.946,1.654,0.455,114.014,-62.500,2.014
-0.941,1.662,0.385,106.079,-72.083,15.808
-0.933,1.649,0.372,100.281,-80.750,29.541
-0.905,1.557,0.249,94.116,-91.431,43.884
-0.884,1.482,0.121,88.440,-100.403,56.091
-0.875,1.413,0.003,84.045,-104.065,66.589
-0.848,1.311,-0.135,77.576,-103.149,76.843
-0.812,1.215,-0.246,72.632,-97.595,84.656
-0.781,1.104,-0.327,70.068,-87.830,89.233
-0.757,0.996,-0.372,67.871,-75.073,91.125
-0.731,0.901,-0.383,65.247,-60.791,90.942
-0.696,0.835,-0.372,62.805,-46.631,88.928
-0.670,0.800,-0.329,60.974,-32.959,85.693
-0.648,0.761,-0.285,60.547,-21.545,82.886
-0.617,0.709,-0.235,58.533,-12.756,81.360
-0.580,0.680,-0.176,52.856,-7.202,80.139
-0.561,0.665,-0.128,45.410,-4.272,78.491
-0.541,0.646,-0.092,38.086,-3.235,77.698
-0.522,0.630,-0.053,31.128,-2.197,77.393
-0.510,0.614,-0.010,25.391,-1.221,76.355
-0.499,0.581,0.024,22.644,0.244,75.012
-0.487,0.533,0.067,21.057,0.671,74.829
-0.469,0.482,0.117,17.456,0.061,75.256
-0.451,0.429,0.150,12.512,-1.892,76.172
-0.444,0.374,0.160,6.531,-5.127,76.721
-0.437,0.320,0.175,-0.183,-7.751,77.148
-0.446,0.294,0.197,-7.324,-10.010,76.294
-0.461,0.268,0.209,-13.428,-12.634,74.768
-0.481,0.235,0.197,-18.250,-15.015,73.242
-0.500,0.218,0.191,-22.766,-15.259,70.801
-0.524,0.203,0.208,-25.330,-13.123,68.054
-0.549,0.172,0.231,-25.208,-10.498,65.430
-0.564,0.131,0.257,-25.513,-8.301,63.538
-0.572,0.101,0.285,-26.733,-6.470,61.829
-0.590,0.069,0.315,-26.428,-5.371,59.387
-0.607,0.037,0.352,-27.039,-5.249,57.129
-0.617,-0.002,0.347,-29.724,-5.859,55.176
-0.637,-0.017,0.353,-32.410,-6.470,52.551
-0.650,-0.034,0.370,-34.180,-6.531,49.133
-0.677,-0.038,0.405,-35.889,-6.775,46.143
-0.693,-0.043,0.433,-38.086,-7.629,43.945
-0.708,-0.052,0.446,-40.405,-9.155,42.053
-0.723,-0.074,0.437,-42.603,-11.353,40.771
-0.738,-0.083,0.418,-45.288,-13.367,39.734
-0.750,-0.083,0.400,-48.035,-14.160,38.757
-0.762,-0.091,0.384,-49.500,-13.428,38.147
-0.768,-0.118,0.384,-49.194,-10.742,37.231
-0.769,-0.143,0.400,-47.424,-7.263,34.851
-0.778,-0.155,0.428,-43.640,-3.296,30.945
-0.792,-0.167,0.456,-37.842,0.427,26.245
-0.800,-0.167,0.464,-31.860,3.479,21.240
-0.806,-0.157,0.459,-26.978,5.981,16.113
-0.816,-0.147,0.447,-22.278,8.240,11.292
-0.818,-0.129,0.455,-18.616,10.315,7.751
-0.823,-0.095,0.484,-16.907,11.536,5.249
-0.828,-0.067,0.505,-16.418,11.108,3.418
-0.833,-0.033,0.516,-17.273,9.216,2.869
-0.836,-0.007,0.523,-18.982,6.653,3.662
-0.837,-0.001,0.514,-20.447,3.235,5.371
-0.837,-0.006,0.493,-21.179,-0.244,7.263
-0.836,-0.020,0.467,-21.423,-2.441,8.179
-0.833,-0.026,0.438,-21.484,-3.601,8.057
-0.832,-0.031,0.410,-20.569,-3.235,6.775
-0.835,-0.027,0.408,-18.494,-1.465,4.761
-0.842,-0.017,0.421,-15.686,0.732,2.136
-0.842,-0.001,0.434,-12.634,2.502,-0.549
-0.847,0.005,0.442,-9.705,3.662,-2.869
-0.848,0.022,0.454,-7.874,4.028,-4.700
-0.854,0.056,0.463,-7.385,3.540,-6.226
-0.865,0.073,0.453,-6.775,2.075,-7.080
-0.876,0.082,0.439,-6.348,0.244,-7.507
-0.891,0.121,0.423,-7.324,-1.099,-7.751
-0.909,0.152,0.408,-7.507,-1.648,-7.385
-0.916,0.145,0.392,-6.104,-1.770,-5.676
-0.914,0.120,0.389,-5.493,-1.770,-4.578
-0.917,0.119,0.388,-6.226,-1.587,-4.578
-0.924,0.125,0.387,-6.226,-1.343,-4.883
-0.924,0.113,0.386,-5.188,-0.854,-4.883
-0.921,0.100,0.393,-4.028,-0.183,-4.944
-0.924,0.116,0.392,-3.174,0.122,-5.737
-0.935,0.139,0.384,-1.953,-0.061,-6.653
-0.938,0.150,0.373,-1.282,-0.549,-6.226
-0.933,0.146,0.365,-1.892,-1.160,-4.883
-0.932,0.141,0.359,-3.113,-1.892,-3.601
-0.933,0.129,0.347,-4.639,-2.625,-2.808
-0.927,0.120,0.337,-6.470,-2.991,-1.770
-0.927,0.118,0.338,-7.568,-2.502,-1.465
-0.929,0.123,0.344,-7.263,-1.587,-1.831

-0.683,1.183,1.294,-71.960,-41.077,-142.700
-0.816,1.401,1.471,-55.847,-44.800,-137.695
-0.924,1.480,1.623,-31.555,-49.500,-129.150
-1.006,1.530,1.726,-6.958,-56.946,-119.385
-1.060,1.522,1.790,16.052,-66.772,-110.474
-1.146,1.513,1.757,36.194,-79.102,-103.333
-1.241,1.595,1.604,52.368,-90.698,-99.487
-1.360,1.739,1.432,73.181,-95.825,-97.778
-1.461,1.778,1.281,100.830,-93.811,-93.079
-1.521,1.925,1.153,127.319,-87.830,-84.412
-1.556,1.949,1.068,149.536,-81.238,-70.923
-1.522,1.867,1.022,165.466,-76.904,-56.763
-1.481,1.810,0.974,175.354,-77.698,-43.518
-1.435,1.706,0.874,181.030,-84.045,-28.503
-1.382,1.655,0.724,183.411,-92.163,-14.771
-1.346,1.625,0.566,185.486,-99.365,-4.395
-1.298,1.568,0.397,188.782,-105.225,4.883
-1.243,1.490,0.282,191.223,-109.375,12.817
-1.207,1.404,0.032,190.063,-111.511,18.250
-1.140,1.388,-0.042,186.218,-109.741,20.081
-1.117,1.380,-0.196,183.350,-106.262,20.020
-1.077,1.429,-0.309,180.908,-99.670,19.653
-1.065,1.464,-0.393,180.908,-89.294,21.545
-1.035,1.449,-0.438,182.373,-77.026,25.024
-0.995,1.394,-0.450,182.068,-63.965,27.954
-0.948,1.356,-0.386,180.359,-51.758,29.236
-0.903,1.343,-0.313,179.138,-43.640,28.259
-0.857,1.329,-0.279,176.392,-40.466,27.405
-0.825,1.336,-0.246,168.884,-39.185,28.503
-0.801,1.327,-0.219,158.081,-39.734,31.372
-0.778,1.281,-0.235,146.973,-43.762,35.461
-0.759,1.228,-0.273,136.353,-49.072,39.612
-0.761,1.190,-0.296,125.793,-52.124,42.786
-0.775,1.155,-0.308,114.319,-52.246,47.241
-0.775,1.106,-0.311,102.478,-50.781,52.185
-0.772,1.067,-0.326,92.468,-47.729,55.603
-0.776,1.036,-0.313,85.205,-42.053,57.556
-0.770,1.003,-0.279,79.895,-34.790,59.265
-0.757,0.962,-0.250,75.562,-27.100,60.730
-0.735,0.934,-0.215,71.777,-19.348,61.951
-0.698,0.884,-0.145,67.932,-12.329,63.904
-0.658,0.820,-0.068,63.110,-8.606,67.200
-0.620,0.756,-0.013,55.359,-9.644,70.740
-0.600,0.729,0.027,44.067,-13.855,74.463
-0.589,0.705,0.048,31.311,-18.799,78.979
-0.577,0.668,0.055,18.311,-24.170,84.351
-0.571,0.630,0.046,6.958,-28.809,89.172
-0.574,0.577,0.025,-0.610,-31.311,93.140
-0.570,0.505,-0.004,-5.554,-31.128,95.886
-0.565,0.440,0.003,-9.277,-27.588,97.412
-0.560,0.373,0.020,-12.512,-22.400,98.145
-0.556,0.325,0.036,-15.930,-17.090,96.802
-0.552,0.270,0.028,-18.005,-11.963,94.543
-0.560,0.225,0.030,-19.226,-7.080,91.919
-0.563,0.170,0.052,-21.606,-1.709,89.722
-0.561,0.144,0.082,-27.161,4.333,87.219
-0.566,0.129,0.118,-32.776,9.705,83.313
-0.570,0.119,0.160,-35.461,13.794,79.102
-0.574,0.103,0.224,-37.231,17.395,75.378
-0.576,0.086,0.291,-39.795,19.287,72.144
-0.581,0.075,0.345,-42.419,19.531,68.848
-0.584,0.070,0.389,-45.105,18.127,65.857
-0.587,0.058,0.413,-47.546,15.503,63.354
-0.588,0.050,0.425,-48.889,12.268,61.646
-0.586,0.040,0.427,-49.744,8.972,60.974
-0.581,0.020,0.416,-50.842,6.531,60.303
-0.584,0.012,0.399,-51.758,5.127,59.082
-0.589,-0.006,0.396,-52.002,4.761,57.800
-0.591,-0.035,0.401,-52.795,5.188,56.824
-0.594,-0.057,0.410,-53.955,5.432,55.054
-0.595,-0.074,0.406,-54.749,5.676,52.490
-0.592,-0.098,0.407,-53.894,5.798,49.866
-0.596,-0.123,0.412,-52.734,6.592,46.875
-0.592,-0.138,0.422,-52.246,7.385,43.152
-0.593,-0.143,0.430,-52.673,7.935,38.940
-0.597,-0.151,0.435,-52.429,8.057,34.424
-0.604,-0.154,0.443,-52.307,8.057,30.273
-0.607,-0.158,0.449,-52.246,7.874,26.794
-0.611,-0.167,0.453,-52.002,7.568,23.743
-0.619,-0.175,0.469,-51.880,7.019,20.508
-0.638,-0.185,0.477,-52.490,5.554,17.578
-0.658,-0.192,0.458,-53.833,3.296,14.771
-0.674,-0.192,0.425,-55.298,1.831,11.658
-0.695,-0.175,0.404,-55.969,2.014,8.057
-0.720,-0.161,0.403,-55.542,3.601,4.700
-0.740,-0.140,0.410,-54.382,5.554,1.038
-0.752,-0.124,0.411,-53.162,7.568,-2.502
-0.765,-0.095,0.426,-51.086,10.376,-5.554
-0.779,-0.094,0.453,-47.913,13.000,-8.667
-0.790,-0.075,0.486,-44.922,14.099,-12.146
-0.818,-0.022,0.508,-42.419,14.160,-16.785
-0.850,0.022,0.511,-39.795,12.878,-20.386
-0.875,0.065,0.503,-37.048,11.353,-22.278
-0.898,0.104,0.492,-34.485,10.681,-22.949
-0.918,0.137,0.487,-31.921,10.864,-22.156
-0.925,0.148,0.483,-29.907,11.230,-20.020
-0.928,0.137,0.479,-28.381,11.719,-17.456
-0.926,0.129,0.480,-28.198,11.841,-15.320
-0.927,0.134,0.489,-28.442,12.085,-13.977
-0.930,0.129,0.501,-27.771,12.573,-12.817
-0.935,0.126,0.531,-26.062,12.146,-11.841
-0.940,0.124,0.560,-25.696,10.681,-11.719
-0.948,0.145,0.563,-25.635,7.996,-12.573
-0.966,0.165,0.561,-24.292,5.371,-13.550
-0.976,0.173,0.543,-21.912,3.296,-13.367
-0.981,0.195,0.543,-18.738,2.380,-13.184
-0.985,0.210,0.540,-14.893,1.404,-12.878
-0.988,0.220,0.520,-11.292,0.000,-11.658
-0.989,0.233,0.495,-9.521,-1.221,-9.705
-0.984,0.242,0.477,-9.094,-1.953,-7.019
-0.983,0.245,0.462,-9.583,-2.808,-4.456
-0.982,0.244,0.443,-10.620,-3.784,-2.258
-0.976,0.233,0.428,-11.475,-3.906,0.366
-0.966,0.210,0.417,-10.925,-3.479,2.991
-0.949,0.176,0.417,-9.583,-2.808,4.517
-0.933,0.154,0.412,-9.277,-2.075,5.127
-0.917,0.141,0.406,-9.033,-1.404,4.822
-0.902,0.136,0.406,-8.301,0.000,4.150
-0.883,0.124,0.416,-6.592,1.526,3.723

-0.228,1.419,1.913,10.071,40.466,-250.000
-0.401,1.790,2.093,-3.174,3.296,-230.042
-0.614,2.086,2.146,-17.761,-39.612,-204.407
-0.844,2.190,2.013,-22.888,-81.543,-173.645
-1.047,2.229,1.773,-16.479,-111.206,-145.386
-1.174,2.181,1.554,4.211,-122.009,-123.474
-1.235,2.029,1.472,37.964,-118.286,-105.469
-1.278,1.799,1.432,74.219,-111.084,-92.468
-1.320,1.667,1.366,102.722,-106.018,-87.524
-1.375,1.670,1.295,123.474,-102.417,-88.013
-1.440,1.721,1.192,142.700,-100.586,-86.487
-1.495,1.774,1.035,160.828,-99.854,-80.383
-1.500,1.795,0.891,174.194,-98.999,-69.153
-1.488,1.783,0.752,185.120,-98.999,-54.321
-1.452,1.723,0.619,193.970,-101.135,-38.147
-1.400,1.614,0.485,199.341,-105.164,-21.362
-1.343,1.474,0.346,200.073,-110.107,-6.592
-1.281,1.384,0.258,198.425,-115.051,3.540
-1.273,1.247,-0.094,192.871,-119.019,8.667
-1.256,1.287,-0.245,182.129,-113.586,7.385
-1.246,1.370,-0.303,174.622,-101.501,6.653
-1.215,1.392,-0.275,172.668,-91.003,8.362
-1.197,1.466,-0.320,171.082,-84.106,10.498
-1.188,1.549,-0.381,168.335,-74.768,12.634
-1.182,1.595,-0.436,168.518,-60.791,16.968
-1.135,1.601,-0.397,170.349,-44.983,23.010
-1.072,1.585,-0.308,170.410,-31.860,28.870
-1.002,1.578,-0.236,166.138,-25.940,33.203
-0.940,1.576,-0.184,156.738,-26.733,38.147
-0.893,1.556,-0.159,144.226,-32.166,46.204
-0.840,1.502,-0.147,130.737,-40.039,56.580
-0.789,1.433,-0.172,116.943,-49.744,66.956
-0.748,1.366,-0.221,103.577,-60.181,75.500
-0.724,1.293,-0.292,92.102,-68.970,83.008
-0.724,1.220,-0.379,81.787,-73.608,89.050
-0.726,1.167,-0.475,70.679,-72.083,94.055
-0.723,1.113,-0.560,61.035,-64.087,98.145
-0.709,1.029,-0.589,55.054,-49.744,100.159
-0.671,0.946,-0.580,53.345,-32.043,99.792
-0.629,0.855,-0.535,54.749,-13.367,96.558
-0.590,0.778,-0.437,57.373,2.930,92.102
-0.549,0.717,-0.339,57.007,15.076,87.402
-0.508,0.670,-0.262,52.917,21.912,83.862
-0.489,0.630,-0.201,46.631,24.475,82.153
-0.468,0.603,-0.150,38.391,24.475,81.909
-0.457,0.575,-0.103,29.114,23.315,82.092
-0.460,0.548,-0.063,20.264,20.996,83.130
-0.466,0.498,-0.032,11.475,17.395,85.449
-0.471,0.440,-0.018,1.038,13.794,87.524
-0.491,0.403,-0.000,-10.254,11.719,88.623
-0.500,0.353,0.026,-19.287,11.108,89.172
-0.503,0.306,0.048,-24.963,11.841,88.379
-0.512,0.270,0.083,-28.137,14.099,86.609
-0.522,0.235,0.126,-30.396,17.578,83.801
-0.534,0.210,0.169,-31.677,21.057,80.261
-0.548,0.194,0.217,-31.494,24.414,76.599
-0.558,0.161,0.271,-30.579,27.466,72.876
-0.562,0.153,0.338,-30.396,30.090,68.848
-0.570,0.144,0.396,-30.762,31.189,65.186
-0.585,0.151,0.459,-32.288,30.762,61.829
-0.590,0.147,0.521,-34.546,28.748,60.181
-0.594,0.157,0.570,-36.255,24.902,58.594
-0.601,0.160,0.596,-36.255,20.142,57.190
-0.615,0.161,0.610,-35.706,14.954,56.641
-0.616,0.155,0.619,-35.461,9.827,57.739
-0.616,0.113,0.594,-35.400,4.456,59.937
-0.625,0.070,0.572,-36.682,-0.916,61.829
-0.631,0.027,0.536,-40.833,-5.554,63.110
-0.643,0.008,0.505,-46.509,-9.216,63.965
-0.654,-0.016,0.474,-50.842,-12.207,64.209
-0.661,-0.035,0.463,-53.772,-13.855,64.026
-0.668,-0.070,0.428,-55.969,-14.771,63.232
-0.676,-0.100,0.413,-58.472,-14.526,61.401
-0.683,-0.132,0.399,-60.730,-13.428,58.899
-0.694,-0.132,0.400,-64.026,-11.902,55.420
-0.708,-0.107,0.392,-66.956,-10.193,50.293
-0.726,-0.076,0.381,-67.078,-8.240,45.532
-0.737,-0.069,0.387,-65.186,-5.676,42.297
-0.740,-0.066,0.400,-63.416,-2.625,40.222
-0.741,-0.063,0.413,-62.317,-0.061,38.269
-0.743,-0.066,0.410,-60.669,1.770,35.583
-0.739,-0.072,0.415,-58.777,3.723,33.386
-0.733,-0.082,0.419,-56.580,5.493,31.555
-0.729,-0.099,0.418,-54.382,6.958,29.663
-0.722,-0.119,0.421,-52.856,8.362,27.832
-0.711,-0.144,0.428,-52.429,8.911,26.184
-0.703,-0.164,0.436,-53.406,8.484,24.048
-0.690,-0.188,0.441,-55.664,7.141,22.156
-0.679,-0.205,0.460,-58.289,4.761,20.691
-0.686,-0.227,0.469,-61.829,1.404,18.250
-0.699,-0.209,0.469,-66.956,-2.197,14.832
-0.716,-0.177,0.458,-70.129,-4.822,11.230
-0.738,-0.169,0.438,-69.092,-6.226,7.263
-0.760,-0.149,0.416,-66.406,-5.798,3.113
-0.775,-0.130,0.408,-62.317,-2.563,-1.709
-0.790,-0.094,0.413,-55.664,3.479,-6.775
-0.804,-0.055,0.449,-45.959,10.986,-13.000
-0.825,-0.021,0.510,-36.194,18.250,-18.372
-0.838,0.005,0.575,-29.419,22.888,-22.034
-0.845,0.025,0.620,-25.818,24.048,-24.475
-0.857,0.064,0.638,-23.560,22.766,-26.001
-0.874,0.095,0.655,-22.217,20.813,-26.062
-0.884,0.112,0.663,-21.301,17.822,-24.841
-0.889,0.118,0.669,-20.081,14.221,-23.376
-0.896,0.115,0.672,-18.860,10.315,-21.790
-0.903,0.125,0.674,-18.616,6.348,-20.752
-0.912,0.134,0.660,-17.822,2.075,-19.653
-0.924,0.144,0.633,-16.602,-2.197,-18.066
-0.940,0.160,0.598,-15.869,-5.676,-16.541
-0.958,0.174,0.551,-14.465,-7.996,-15.503
-0.971,0.190,0.509,-13.062,-9.460,-14.160
-0.980,0.206,0.475,-10.986,-9.277,-12.756
-0.984,0.224,0.449,-6.897,-7.507,-11.475
-0.989,0.227,0.434,-2.747,-5.249,-10.132
-0.980,0.218,0.419,0.732,-2.380,-8.179
-0.962,0.206,0.416,3.662,0.854,-6.348
-0.942,0.176,0.417,6.287,3.723,-5.005
-0.923,0.154,0.432,7.263,5.554,-4.089
-0.905,0.133,0.446,5.798,5.554,-3.235

-0.797,1.652,1.296,-39.001,-14.221,-143.005
-0.944,1.787,1.406,-62.866,-57.190,-120.422
-1.111,1.881,1.344,-80.200,-100.464,-101.013
-1.307,1.872,1.084,-77.942,-133.057,-83.191
-1.414,1.807,0.771,-57.373,-146.240,-70.740
-1.458,1.706,0.575,-22.095,-137.512,-65.063
-1.505,1.546,0.461,20.569,-115.540,-64.575
-1.539,1.415,0.411,57.983,-88.928,-68.604
-1.550,1.395,0.424,82.214,-60.547,-76.477
-1.555,1.442,0.519,101.013,-32.654,-84.229
-1.559,1.479,0.692,123.169,-9.155,-87.830
-1.533,1.500,0.920,146.851,6.836,-86.792
-1.481,1.486,1.124,166.260,10.925,-81.238
-1.433,1.437,1.253,177.002,1.343,-71.472
-1.384,1.408,1.251,180.664,-18.921,-59.998
-1.350,1.438,1.121,179.138,-45.654,-49.011
-1.322,1.479,0.956,175.232,-71.838,-37.964
-1.306,1.532,0.771,171.631,-93.201,-27.710
-1.299,1.598,0.571,172.607,-107.788,-18.433
-1.279,1.672,0.383,178.955,-115.234,-10.132
-1.254,1.727,0.255,189.392,-116.882,-2.563
-1.220,1.754,0.163,199.707,-115.967,6.958
-1.174,1.700,0.089,207.153,-116.028,18.127
-1.132,1.659,0.009,208.252,-117.004,28.137
-1.104,1.674,-0.096,205.200,-116.272,34.424
-1.113,1.734,-0.248,202.881,-112.671,38.086
-1.138,1.835,-0.363,200.012,-103.149,42.542
-1.150,1.922,-0.431,197.205,-88.562,50.415
-1.127,1.929,-0.455,197.388,-72.937,60.486
-1.065,1.867,-0.414,198.914,-58.838,70.251
-0.991,1.787,-0.331,198.975,-49.561,79.712
-0.921,1.711,-0.274,192.261,-47.546,89.478
-0.851,1.655,-0.278,177.856,-51.819,99.609
-0.769,1.612,-0.310,158.875,-59.814,109.863
-0.684,1.553,-0.360,139.709,-69.519,120.972
-0.586,1.429,-0.417,120.300,-78.979,133.728
-0.480,1.240,-0.498,100.586,-89.844,146.606
-0.370,1.032,-0.576,80.627,-100.464,155.518
-0.284,0.826,-0.663,59.998,-108.887,159.668
-0.249,0.641,-0.733,37.537,-114.441,159.363
-0.222,0.487,-0.804,16.541,-114.868,155.701
-0.211,0.368,-0.862,-2.075,-107.788,149.475
-0.193,0.318,-0.896,-17.273,-91.797,140.869
-0.175,0.298,-0.874,-25.085,-68.848,130.981
-0.157,0.261,-0.820,-24.170,-43.701,121.338
-0.135,0.220,-0.728,-18.250,-19.897,110.596
-0.126,0.180,-0.628,-12.817,0.793,98.450
-0.115,0.148,-0.497,-9.216,18.860,87.036
-0.107,0.106,-0.333,-8.240,31.982,77.759
-0.104,0.044,-0.190,-10.742,39.246,69.824
-0.113,0.008,-0.060,-15.137,41.748,61.890
-0.133,-0.038,0.058,-21.057,40.649,55.542
-0.164,-0.074,0.154,-28.076,36.377,49.744
-0.212,-0.086,0.225,-35.461,30.518,43.457
-0.277,-0.085,0.254,-41.321,24.231,36.621
-0.356,-0.073,0.273,-45.532,20.142,29.602
-0.433,-0.061,0.290,-46.875,18.555,23.132
-0.497,-0.054,0.312,-45.715,19.775,17.517
-0.560,-0.034,0.345,-42.603,23.132,11.780
-0.616,0.002,0.393,-38.452,27.771,7.080
-0.656,0.027,0.453,-32.959,32.532,3.906
-0.695,0.043,0.505,-27.771,35.889,2.197
-0.719,0.061,0.565,-22.949,37.354,1.526
-0.743,0.083,0.633,-20.020,36.682,1.648
-0.763,0.099,0.687,-19.470,32.654,2.930
-0.776,0.097,0.711,-21.301,26.062,5.554
-0.786,0.083,0.700,-24.414,18.188,8.789
-0.800,0.075,0.678,-27.649,10.254,11.353
-0.809,0.047,0.645,-29.724,3.723,13.794
-0.825,0.026,0.604,-30.334,-1.160,15.015
-0.835,0.016,0.569,-28.748,-3.784,14.709
-0.847,0.001,0.544,-24.658,-4.395,13.611
-0.861,-0.004,0.518,-20.142,-3.906,11.841
-0.869,-0.003,0.489,-16.052,-2.625,9.644
-0.881,0.009,0.450,-10.803,-0.732,7.019
-0.893,0.017,0.413,-4.578,2.136,4.578
-0.894,0.010,0.402,1.343,5.554,2.869
-0.892,0.013,0.395,5.005,8.728,1.282
-0.895,0.023,0.377,6.897,10.498,-0.732
-0.889,0.027,0.380,8.728,11.292,-2.319
-0.887,0.022,0.393,8.850,11.047,-2.991
-0.886,0.029,0.406,6.348,8.911,-3.601
-0.887,0.041,0.407,2.563,5.371,-4.272
-0.893,0.055,0.388,-0.854,0.977,-4.761
-0.901,0.067,0.351,-3.601,-2.747,-4.700
-0.911,0.085,0.318,-5.493,-5.188,-4.944
-0.920,0.113,0.285,-6.348,-6.104,-5.249
-0.930,0.131,0.271,-5.615,-6.104,-5.493
-0.931,0.133,0.262,-4.395,-5.432,-5.188
-0.933,0.128,0.259,-3.601,-4.517,-5.188
-0.935,0.127,0.260,-2.625,-3.418,-5.676
-0.941,0.125,0.283,-1.648,-2.319,-7.141
-0.943,0.135,0.282,-0.244,-1.648,-8.606
-0.953,0.149,0.273,1.099,-0.854,-10.071
-0.959,0.174,0.274,3.174,0.977,-10.925
-0.961,0.184,0.290,5.005,2.380,-11.047
-0.964,0.189,0.295,5.310,2.502,-10.620
-0.965,0.200,0.299,2.625,1.343,-9.521
-0.966,0.208,0.299,-1.038,-0.366,-7.629
-0.969,0.211,0.281,-3.967,-2.136,-5.737
-0.970,0.212,0.263,-5.920,-3.235,-3.967
-0.971,0.204,0.250,-7.568,-3.418,-2.441
-0.964,0.186,0.250,-7.751,-2.686,-0.916
-0.955,0.165,0.259,-7.507,-1.770,0.122
-0.950,0.156,0.260,-7.507,-0.732,0.488
-0.944,0.151,0.264,-6.714,0.793,0.183
-0.937,0.152,0.280,-6.287,2.319,-0.305
-0.930,0.154,0.298,-5.676,3.540,-0.977
-0.923,0.152,0.317,-5.249,4.395,-0.977
-0.915,0.152,0.329,-5.493,4.517,-0.854
-0.911,0.152,0.341,-5.249,4.395,-1.099
-0.904,0.153,0.354,-4.028,4.272,-1.526
-0.903,0.151,0.368,-2.014,3.723,-1.770
-0.900,0.150,0.364,-0.732,2.625,-1.892
-0.900,0.159,0.363,-0.793,1.221,-2.136
-0.903,0.162,0.350,-1.404,-0.427,-2.136
-0.902,0.163,0.336,-2.563,-1.465,-2.319
-0.906,0.174,0.329,-3.418,-1.709,-2.686
-0.916,0.186,0.327,-2.808,-1.221,-3.296

-0.596,1.706,1.590,-58.533,-56.519,-210.144
-0.915,2.129,1.607,-61.584,-85.999,-191.772
-1.239,2.465,1.536,-53.833,-109.253,-168.030
-1.553,2.500,1.460,-29.846,-123.108,-139.709
-1.782,2.366,1.335,2.869,-126.831,-115.662
-1.981,2.272,1.207,36.621,-119.080,-103.577
-2.103,2.284,1.101,71.167,-98.572,-103.333
-2.218,2.348,0.996,116.455,-72.754,-102.661
-2.210,2.298,1.034,161.682,-44.739,-94.482
-2.127,2.257,1.107,192.749,-22.827,-83.008
-2.014,2.163,1.163,213.440,-13.672,-65.430
-1.867,2.021,1.180,226.135,-17.395,-44.067
-1.734,1.919,1.112,228.821,-32.349,-22.949
-1.624,1.856,0.911,225.952,-54.077,-3.784
-1.525,1.818,0.664,221.802,-76.111,13.977
-1.442,1.793,0.423,217.957,-93.323,30.884
-1.350,1.746,0.216,214.417,-104.431,46.326
-1.273,1.687,0.020,210.876,-110.474,58.228
-1.212,1.653,-0.153,205.078,-111.206,66.711
-1.147,1.634,-0.322,199.036,-106.628,72.998
-1.081,1.630,-0.442,196.228,-97.046,77.148
-1.014,1.610,-0.494,197.144,-83.923,79.163
-0.950,1.614,-0.487,200.378,-70.129,79.163
-0.860,1.563,-0.450,201.599,-60.120,79.773
-0.773,1.486,-0.365,195.801,-55.420,81.482
-0.676,1.460,-0.315,181.335,-57.434,82.153
-0.606,1.448,-0.330,162.048,-66.772,84.717
-0.560,1.427,-0.403,141.846,-80.139,88.257
-0.522,1.359,-0.527,122.986,-92.834,91.797
-0.506,1.310,-0.642,104.858,-101.074,94.055
-0.517,1.245,-0.717,91.675,-102.905,94.971
-0.530,1.148,-0.762,82.520,-98.938,95.215
-0.517,1.028,-0.797,77.209,-90.332,94.604
-0.503,0.882,-0.815,75.012,-77.942,93.079
-0.479,0.758,-0.809,71.838,-62.866,88.989
-0.464,0.668,-0.774,66.528,-45.837,82.947
-0.456,0.634,-0.693,59.082,-29.053,76.477
-0.440,0.633,-0.604,51.025,-15.808,70.801
-0.430,0.621,-0.531,43.640,-6.958,66.895
-0.421,0.601,-0.462,36.133,-0.854,64.819
-0.409,0.563,-0.375,28.320,4.395,64.697
-0.396,0.519,-0.285,20.386,7.202,65.735
-0.381,0.462,-0.207,12.390,7.080,67.139
-0.379,0.398,-0.139,4.089,5.066,68.665
-0.394,0.331,-0.084,-4.883,2.380,68.665
-0.408,0.271,-0.035,-13.977,-0.305,68.298
-0.428,0.198,-0.021,-21.179,-2.197,66.589
-0.459,0.154,-0.025,-26.855,-2.747,62.988
-0.483,0.144,-0.001,-31.616,0.183,58.411
-0.511,0.117,0.012,-34.485,4.578,53.711
-0.543,0.121,0.023,-36.072,9.155,48.340
-0.578,0.148,0.051,-36.926,15.198,43.152
-0.611,0.166,0.099,-36.987,22.278,39.795
-0.633,0.155,0.156,-36.499,28.625,38.574
-0.644,0.152,0.231,-36.743,33.813,37.720
-0.656,0.147,0.310,-37.109,37.048,36.377
-0.662,0.139,0.383,-37.231,37.598,35.767
-0.663,0.117,0.440,-37.842,35.889,35.339
-0.674,0.096,0.474,-38.757,32.471,34.363
-0.684,0.077,0.491,-39.612,28.137,33.569
-0.687,0.056,0.485,-40.283,23.560,32.837
-0.702,0.047,0.475,-42.480,19.226,32.043
-0.714,0.033,0.451,-44.739,15.747,31.860
-0.727,0.027,0.429,-45.105,14.343,31.311
-0.737,0.027,0.415,-42.236,15.137,30.884
-0.748,0.035,0.399,-35.950,18.127,30.273
-0.750,0.027,0.421,-27.466,22.339,29.968
-0.745,-0.006,0.470,-19.592,26.123,29.846
-0.736,-0.054,0.510,-14.771,27.100,29.419
-0.729,-0.087,0.532,-12.878,24.719,27.710
-0.738,-0.116,0.528,-13.489,20.020,24.719
-0.749,-0.125,0.510,-16.357,14.404,21.790
-0.750,-0.126,0.477,-19.531,9.277,19.226
-0.763,-0.111,0.441,-21.118,5.554,16.052
-0.777,-0.086,0.415,-21.057,3.357,12.573
-0.791,-0.057,0.395,-20.142,2.686,9.583
-0.799,-0.037,0.378,-19.226,2.869,7.202
-0.805,-0.018,0.380,-18.127,3.479,4.883
-0.820,0.003,0.384,-16.846,3.845,2.441
-0.837,0.037,0.387,-17.151,3.479,0.183
-0.863,0.080,0.380,-17.883,2.930,-1.953
-0.893,0.120,0.373,-16.846,2.625,-3.296
-0.911,0.146,0.370,-15.137,2.258,-3.296
-0.919,0.157,0.368,-13.489,2.258,-2.625
-0.926,0.157,0.369,-12.146,2.075,-1.831
-0.922,0.145,0.375,-11.902,1.099,-0.427
-0.918,0.128,0.379,-13.123,-0.610,0.793
-0.918,0.113,0.384,-15.686,-3.296,1.404
-0.924,0.112,0.374,-19.226,-6.409,1.770
-0.944,0.138,0.334,-22.766,-9.766,1.709
-0.968,0.156,0.287,-25.269,-11.719,1.587
-0.983,0.177,0.236,-25.330,-11.230,1.404
-0.996,0.177,0.201,-21.912,-8.301,1.465
-0.993,0.158,0.185,-16.724,-3.784,2.075
-0.976,0.126,0.191,-11.719,1.953,1.953
-0.959,0.094,0.204,-7.141,6.836,0.671
-0.943,0.082,0.229,-5.249,10.315,-0.854
-0.933,0.083,0.261,-5.615,12.146,-1.892
-0.926,0.081,0.287,-7.507,12.024,-2.380
-0.919,0.093,0.313,-10.498,10.559,-2.197
-0.925,0.122,0.335,-13.428,8.362,-2.625
-0.942,0.151,0.348,-14.404,5.737,-2.869
-0.951,0.162,0.342,-14.221,3.174,-2.258
-0.952,0.160,0.331,-13.794,1.587,-1.160
-0.949,0.156,0.322,-13.550,0.916,-0.427
-0.948,0.158,0.318,-13.794,0.854,0.000
-0.947,0.153,0.321,-13.733,1.038,0.610
-0.939,0.136,0.320,-13.916,1.282,1.404
-0.927,0.122,0.318,-14.038,2.014,1.465
-0.922,0.125,0.340,-12.939,3.479,0.549
-0.916,0.122,0.364,-10.437,4.700,-0.427
-0.910,0.114,0.372,-8.240,4.883,-1.282
-0.908,0.111,0.379,-6.592,4.578,-2.014
-0.909,0.116,0.380,-6.104,3.723,-2.808
-0.912,0.132,0.376,-6.409,2.625,-3.235
-0.924,0.153,0.366,-6.592,1.831,-3.845
-0.931,0.168,0.357,-5.432,1.648,-4.028
-0.933,0.176,0.354,-3.906,2.319,-4.028
-0.929,0.171,0.360,-2.197,3.052,-3.418

-0.935,1.274,1.140,44.373,36.621,-161.804
-1.040,1.553,1.462,49.744,45.105,-157.654
-1.207,1.830,1.655,51.392,39.856,-146.729
-1.367,2.084,1.804,54.138,27.161,-129.761
-1.508,2.240,1.928,62.195,10.620,-107.666
-1.599,2.195,1.962,76.660,-9.399,-81.970
-1.622,2.029,1.868,92.163,-33.081,-57.434
-1.585,1.884,1.706,103.760,-56.213,-36.255
-1.521,1.742,1.490,115.723,-76.538,-18.127
-1.462,1.628,1.257,129.761,-93.079,-4.700
-1.404,1.552,1.043,141.785,-105.469,5.859
-1.361,1.500,0.824,149.414,-114.502,15.808
-1.323,1.448,0.624,153.076,-119.873,25.024
-1.288,1.415,0.465,153.748,-121.338,33.142
-1.252,1.384,0.323,152.649,-119.995,39.795
-1.236,1.338,0.215,152.832,-116.577,44.373
-1.212,1.295,0.097,154.419,-111.023,46.448
-1.169,1.291,-0.007,157.837,-101.685,44.678
-1.119,1.333,-0.025,165.283,-89.294,40.649
-1.055,1.338,-0.019,174.194,-78.125,37.598
-0.983,1.319,-0.011,179.687,-70.129,35.767
-0.915,1.314,-0.035,183.411,-65.247,34.058
-0.865,1.327,-0.048,186.279,-63.293,32.532
-0.820,1.332,-0.095,185.913,-64.331,31.189
-0.796,1.363,-0.159,181.580,-65.552,29.480
-0.810,1.426,-0.271,176.941,-66.833,28.198
-0.818,1.481,-0.361,174.194,-66.833,28.076
-0.842,1.474,-0.460,171.204,-65.552,31.250
-0.857,1.405,-0.531,163.391,-62.134,37.476
-0.859,1.312,-0.560,150.024,-57.617,43.945
-0.861,1.246,-0.573,134.766,-53.955,48.828
-0.861,1.209,-0.598,120.972,-50.842,52.246
-0.860,1.171,-0.592,110.657,-46.204,54.871
-0.849,1.118,-0.584,101.318,-40.344,58.472
-0.814,1.057,-0.562,91.614,-33.936,62.744
-0.783,0.979,-0.539,81.787,-28.015,66.895
-0.762,0.915,-0.506,69.946,-22.827,69.763
-0.732,0.868,-0.453,56.824,-17.090,71.350
-0.697,0.820,-0.405,44.189,-10.620,72.754
-0.654,0.787,-0.317,32.654,-4.578,74.036
-0.608,0.733,-0.222,23.743,0.671,75.317
-0.561,0.658,-0.115,15.808,3.662,77.698
-0.518,0.584,-0.030,6.958,3.601,80.444
-0.496,0.547,0.031,-3.418,1.282,82.153
-0.474,0.505,0.066,-12.939,-1.404,83.862
-0.452,0.444,0.099,-20.691,-3.662,86.243
-0.439,0.363,0.129,-25.940,-4.822,88.318
-0.425,0.291,0.173,-30.518,-5.371,89.417
-0.417,0.225,0.212,-34.363,-5.676,88.745
-0.421,0.196,0.246,-36.865,-6.042,85.938
-0.441,0.169,0.276,-36.865,-6.348,83.069
-0.453,0.125,0.311,-35.339,-6.531,82.031
-0.465,0.070,0.319,-33.569,-7.324,82.031
-0.472,0.023,0.311,-31.372,-7.874,80.750
-0.487,-0.020,0.295,-28.259,-7.812,77.576
-0.505,-0.057,0.283,-25.269,-6.287,72.998
-0.529,-0.085,0.286,-23.926,-4.456,68.176
-0.556,-0.107,0.299,-24.475,-2.380,63.782
-0.574,-0.108,0.316,-26.978,-0.610,58.960
-0.592,-0.112,0.334,-29.968,0.061,54.138
-0.606,-0.104,0.361,-33.691,-0.610,50.293
-0.617,-0.099,0.389,-38.086,-2.563,47.058
-0.634,-0.085,0.412,-44.617,-6.348,45.532
-0.652,-0.071,0.408,-52.185,-11.963,44.739
-0.671,-0.060,0.382,-58.594,-18.555,44.312
-0.686,-0.050,0.350,-63.354,-24.292,44.678
-0.706,-0.047,0.295,-66.895,-28.320,45.898
-0.721,-0.063,0.204,-67.139,-29.907,46.997
-0.726,-0.089,0.129,-66.406,-27.222,47.302
-0.723,-0.118,0.091,-65.735,-20.264,46.448
-0.720,-0.157,0.082,-64.514,-11.230,44.128
-0.714,-0.183,0.089,-62.805,-1.892,40.527
-0.708,-0.204,0.111,-59.875,8.545,36.255
-0.691,-0.232,0.151,-56.091,18.982,31.860
-0.664,-0.280,0.199,-51.025,28.503,27.039
-0.644,-0.304,0.262,-45.044,37.170,20.691
-0.629,-0.322,0.352,-40.344,44.373,13.611
-0.618,-0.317,0.488,-37.598,48.828,7.019
-0.614,-0.326,0.609,-34.790,48.035,1.160
-0.625,-0.312,0.711,-33.569,42.175,-4.639
-0.651,-0.284,0.762,-32.776,32.043,-10.742
-0.691,-0.250,0.762,-32.227,19.958,-17.273
-0.745,-0.201,0.708,-31.494,7.996,-23.132
-0.809,-0.113,0.638,-30.273,-1.160,-28.564
-0.885,0.000,0.571,-28.259,-5.859,-32.837
-0.959,0.106,0.504,-24.902,-7.446,-34.485
-1.018,0.198,0.455,-20.142,-6.287,-33.386
-1.066,0.259,0.414,-14.709,-3.113,-29.541
-1.092,0.284,0.393,-9.766,1.465,-23.376
-1.093,0.256,0.385,-6.836,5.737,-16.235
-1.079,0.211,0.398,-7.080,8.850,-10.132
-1.067,0.187,0.421,-9.460,9.827,-5.859
-1.061,0.171,0.428,-11.414,8.972,-3.296
-1.050,0.153,0.415,-11.536,6.409,-1.221
-1.047,0.146,0.380,-10.376,3.235,0.305
-1.051,0.143,0.338,-10.803,0.732,1.587
-1.044,0.139,0.293,-12.573,-0.610,2.441
-1.040,0.143,0.259,-14.282,-0.916,2.930
-1.034,0.151,0.232,-15.320,0.061,3.113
-1.024,0.153,0.215,-15.808,2.380,3.906
-1.004,0.151,0.204,-16.174,5.615,5.249
-0.988,0.137,0.204,-15.930,9.338,6.836
-0.962,0.111,0.226,-14.893,13.428,8.240
-0.937,0.082,0.268,-14.282,16.418,8.789
-0.914,0.049,0.316,-13.794,17.944,8.545
-0.899,0.016,0.352,-14.099,17.212,7.935
-0.891,-0.001,0.379,-15.503,15.259,6.531
-0.888,-0.005,0.396,-17.212,12.695,5.188
-0.885,-0.000,0.409,-18.372,10.193,3.662
-0.885,0.002,0.419,-18.677,8.240,2.319
-0.883,0.002,0.426,-18.311,6.714,1.160
-0.880,0.005,0.448,-17.273,6.287,-0.366
-0.881,0.009,0.472,-15.442,5.859,-2.014
-0.881,0.026,0.489,-13.123,5.249,-3.845
-0.890,0.042,0.496,-10.193,4.883,-5.249
-0.890,0.054,0.492,-6.409,4.456,-6.348
-0.892,0.059,0.494,-1.587,3.967,-7.019
-0.895,0.064,0.504,2.075,2.930,-7.629
-0.898,0.076,0.500,2.930,0.793,-7.507

0.596,1.728,0.653,-27.893,-80.383,209.778
0.839,1.868,0.736,3.357,-117.920,178.955
1.098,2.015,0.706,32.837,-165.161,136.169
1.240,2.203,0.500,49.561,-211.670,88.623
1.295,2.439,0.182,45.776,-239.136,45.898
1.285,2.556,-0.036,24.475,-236.572,16.357
1.278,2.503,-0.017,-13.000,-209.595,0.610
1.255,2.331,0.033,-66.589,-173.035,-6.348
1.240,2.155,0.111,-122.070,-137.024,-13.000
1.211,2.028,0.328,-161.072,-107.788,-23.315
1.172,1.846,0.549,-180.115,-93.750,-36.438
1.153,1.713,0.687,-183.899,-97.229,-52.917
1.155,1.582,0.787,-174.255,-112.793,-71.716
1.180,1.440,0.879,-155.457,-135.315,-92.529
1.170,1.357,0.949,-138.184,-159.851,-115.906
1.145,1.322,0.982,-126.160,-180.359,-139.893
1.130,1.304,1.041,-116.455,-193.848,-162.048
1.109,1.340,1.089,-106.445,-201.050,-180.786
1.048,1.358,1.115,-97.290,-201.782,-194.458
0.979,1.342,1.164,-90.576,-195.496,-204.468
0.892,1.298,1.191,-89.111,-182.800,-213.135
0.804,1.219,1.168,-90.637,-165.344,-221.130
0.706,1.134,1.195,-91.980,-144.714,-228.638
0.600,1.051,1.256,-91.064,-124.451,-235.291
0.488,0.979,1.288,-87.158,-107.971,-238.708
0.383,0.891,1.297,-79.895,-95.581,-238.586
0.293,0.781,1.293,-71.472,-86.792,-236.572
0.207,0.699,1.259,-62.805,-80.017,-233.826
0.133,0.644,1.205,-52.856,-73.303,-229.858
0.055,0.604,1.226,-44.678,-65.796,-224.121
-0.001,0.571,1.288,-40.283,-59.448,-216.003
-0.031,0.582,1.319,-34.607,-56.580,-204.773
-0.062,0.604,1.338,-24.292,-56.335,-190.247
-0.081,0.583,1.337,-14.038,-57.434,-173.584
-0.069,0.558,1.322,-6.775,-58.655,-157.166
-0.058,0.541,1.303,-0.610,-59.265,-143.921
-0.033,0.509,1.294,2.502,-57.495,-134.399
0.018,0.468,1.252,3.052,-51.819,-128.723
0.033,0.490,1.211,5.859,-41.931,-126.099
0.045,0.537,1.193,12.573,-27.100,-124.512
0.051,0.519,1.188,21.362,-8.240,-122.375
0.058,0.429,1.133,31.555,11.963,-119.690
0.037,0.343,1.064,44.312,32.837,-117.188
-0.004,0.274,1.010,57.617,52.063,-115.112
-0.046,0.208,0.945,69.214,67.200,-112.061
-0.079,0.136,0.860,79.895,76.782,-107.422
-0.104,0.064,0.761,90.759,81.360,-101.013
-0.118,0.000,0.646,99.548,82.947,-93.018
-0.127,0.005,0.545,104.675,82.642,-83.069
-0.114,0.053,0.458,106.689,80.566,-70.435
-0.070,0.068,0.386,102.539,76.294,-54.260
0.010,0.052,0.305,91.980,70.190,-37.476
0.093,0.062,0.228,79.102,64.514,-22.217
0.177,0.089,0.183,66.406,60.181,-8.484
0.271,0.087,0.149,56.030,56.213,2.319
0.360,0.099,0.110,48.462,52.490,8.423
0.437,0.120,0.093,44.189,49.255,9.949
0.498,0.140,0.116,43.945,45.898,7.202
0.557,0.193,0.125,48.279,39.795,2.258
0.606,0.253,0.102,54.810,29.785,-2.197
0.648,0.282,0.073,57.983,18.555,-4.211
0.701,0.284,0.063,55.176,8.850,-4.639
0.746,0.280,0.085,46.997,1.709,-4.578
0.772,0.272,0.107,35.828,-3.723,-3.540
0.797,0.244,0.141,24.902,-7.141,-0.916
0.828,0.182,0.193,15.015,-9.644,2.502
0.855,0.131,0.251,6.104,-10.803,3.967
0.864,0.117,0.317,-1.160,-10.742,3.845
0.862,0.105,0.363,-5.066,-9.583,3.784
0.861,0.080,0.395,-6.409,-6.287,4.517
0.858,0.062,0.433,-5.981,-0.366,4.761
0.853,0.060,0.469,-4.333,6.531,4.150
0.853,0.049,0.504,-0.977,11.353,3.113
0.848,0.057,0.510,3.052,12.878,0.977
0.832,0.073,0.502,6.470,11.536,-0.305
0.825,0.089,0.498,8.484,8.789,-0.366
0.818,0.113,0.493,8.789,5.066,0.427
0.819,0.144,0.493,6.897,0.854,2.502
0.825,0.168,0.504,2.991,-3.052,5.310
0.831,0.169,0.514,-2.014,-6.104,8.606
0.845,0.162,0.524,-6.348,-8.118,10.803
0.856,0.165,0.535,-9.155,-8.606,10.681
0.852,0.157,0.542,-10.620,-7.446,8.728
0.841,0.155,0.562,-11.169,-4.700,5.981
0.837,0.149,0.590,-9.399,-1.465,2.869
0.831,0.146,0.609,-4.883,0.793,-0.122
0.819,0.141,0.592,0.549,1.282,-2.747
0.810,0.158,0.564,4.333,0.916,-4.333
0.806,0.172,0.538,5.371,0.793,-4.761
0.799,0.183,0.518,3.784,0.916,-4.272
0.790,0.193,0.499,-0.427,1.648,-3.174
0.786,0.184,0.500,-5.554,3.357,-1.038
0.782,0.163,0.506,-9.277,4.944,1.587
0.779,0.147,0.530,-11.536,5.676,2.747
0.786,0.125,0.557,-11.353,5.127,2.502
0.790,0.106,0.577,-8.728,2.808,1.038
0.790,0.097,0.575,-5.066,-0.427,-1.953
0.794,0.094,0.582,-1.221,-3.174,-4.883
0.791,0.094,0.565,1.953,-5.066,-7.507
0.792,0.101,0.559,4.028,-5.127,-9.766
0.796,0.112,0.555,4.761,-3.052,-10.498
0.795,0.115,0.554,4.150,0.366,-10.071
0.797,0.113,0.555,2.930,4.761,-8.972
0.799,0.112,0.555,2.014,8.362,-7.324
0.799,0.114,0.556,0.671,10.315,-6.104
0.795,0.112,0.556,-1.404,10.925,-5.310
0.791,0.118,0.556,-3.296,10.681,-4.700
0.798,0.113,0.551,-4.395,10.071,-3.601
0.802,0.105,0.540,-3.723,10.193,-3.357
0.802,0.102,0.531,-2.991,11.658,-4.456
0.803,0.108,0.536,-2.747,14.160,-6.470
0.801,0.112,0.542,-2.197,15.808,-8.789
0.796,0.106,0.541,-1.831,15.869,-10.986
0.790,0.108,0.541,-2.014,14.893,-12.939
0.781,0.129,0.564,-2.869,13.489,-13.916
0.784,0.141,0.576,-2.808,11.169,-11.475
0.801,0.135,0.568,-1.038,7.996,-7.324
0.816,0.121,0.549,0.183,5.798,-3.906
0.827,0.121,0.536,-1.099,5.981,-1.831

1.454,1.661,0.147,-95.886,-46.021,191.040
1.696,1.846,0.027,-85.388,-32.715,181.763
1.958,2.178,0.031,-72.510,-19.165,162.903
2.144,2.446,0.032,-65.063,-10.925,140.137
2.329,2.754,0.007,-70.740,-12.085,114.014
2.505,2.972,0.040,-89.783,-19.226,84.839
2.534,2.954,0.031,-117.798,-31.128,50.964
2.461,2.803,0.019,-155.151,-45.105,6.287
2.320,2.641,0.151,-199.646,-63.477,-48.523
2.081,2.582,0.451,-242.676,-94.971,-107.727
1.731,2.601,0.895,-273.926,-143.921,-160.950
1.433,2.471,1.290,-280.823,-207.458,-201.599
1.227,2.205,1.598,-262.878,-275.146,-233.765
1.014,1.985,1.868,-229.492,-338.440,-266.968
0.820,1.741,1.967,-184.204,-388.306,-304.504
0.538,1.622,1.776,-134.094,-414.551,-344.238
0.127,1.532,1.702,-80.872,-404.785,-375.977
-0.224,1.501,1.550,-37.659,-357.056,-384.827
-0.419,1.497,1.368,-13.916,-278.870,-369.019
-0.556,1.438,1.299,-10.132,-187.988,-338.135
-0.698,1.305,1.298,-30.273,-102.234,-302.002
-0.757,1.115,1.361,-59.387,-32.959,-271.912
-0.808,0.935,1.471,-82.642,9.705,-250.854
-0.892,0.761,1.656,-94.482,24.658,-235.718
-0.903,0.634,1.884,-95.459,13.367,-225.769
-0.794,0.577,1.993,-78.979,-19.348,-218.750
-0.706,0.501,2.078,-46.692,-63.599,-210.999
-0.606,0.503,2.076,-15.503,-103.394,-204.346
-0.519,0.529,2.033,1.160,-125.427,-194.946
-0.463,0.610,1.958,9.338,-125.366,-180.786
-0.419,0.719,1.848,24.658,-101.624,-161.682
-0.400,0.787,1.715,47.180,-55.298,-137.268
-0.389,0.792,1.560,69.397,5.554,-110.168
-0.376,0.738,1.456,87.341,72.388,-85.754
-0.341,0.710,1.425,97.717,132.690,-67.078
-0.324,0.739,1.402,102.356,174.438,-53.833
-0.300,0.714,1.309,112.061,194.336,-44.861
-0.252,0.663,1.195,126.404,197.205,-39.551
-0.197,0.613,1.050,143.005,188.477,-37.231
-0.137,0.581,0.880,158.936,172.546,-37.659
-0.078,0.542,0.704,171.997,153.870,-38.391
-0.014,0.501,0.515,181.274,134.827,-38.025
0.050,0.488,0.345,184.875,117.188,-34.607
0.114,0.491,0.202,182.251,100.891,-26.367
0.198,0.470,0.082,173.462,87.219,-13.367
0.284,0.444,-0.024,160.156,77.393,0.244
0.370,0.405,-0.109,144.226,71.533,13.916
0.445,0.352,-0.156,127.197,69.275,24.353
0.503,0.313,-0.172,109.253,69.519,29.968
0.551,0.261,-0.171,90.942,70.801,31.067
0.605,0.185,-0.157,77.026,70.923,28.198
0.639,0.138,-0.148,72.144,67.627,21.545
0.669,0.144,-0.146,75.256,59.998,13.428
0.701,0.157,-0.150,83.313,49.255,6.226
0.733,0.142,-0.174,92.285,37.537,0.732
0.755,0.122,-0.201,98.022,25.757,-3.174
0.758,0.122,-0.225,98.938,15.503,-5.493
0.755,0.136,-0.253,97.046,7.080,-5.249
0.765,0.127,-0.283,93.506,0.977,-2.197
0.784,0.094,-0.305,87.769,-2.502,2.747
0.808,0.072,-0.314,78.674,-3.601,7.751
0.841,0.058,-0.292,67.566,-2.625,11.658
0.860,0.052,-0.271,57.800,-0.671,14.587
0.873,0.057,-0.254,47.852,2.319,17.639
0.889,0.054,-0.216,37.048,6.409,21.057
0.911,0.045,-0.157,26.855,10.681,23.437
0.929,0.037,-0.097,19.348,12.695,23.804
0.934,0.061,-0.032,14.954,11.353,22.949
0.941,0.087,0.010,13.000,6.409,22.705
0.958,0.080,0.027,11.719,-0.610,23.682
0.982,0.086,0.025,10.071,-7.324,24.048
0.995,0.107,0.023,7.080,-13.000,22.827
1.005,0.119,0.034,2.258,-16.296,20.508
1.018,0.104,0.055,-4.089,-17.212,17.395
1.023,0.101,0.096,-9.949,-15.686,13.123
1.012,0.102,0.153,-13.977,-12.817,8.545
1.004,0.106,0.219,-16.235,-10.010,4.150
0.991,0.095,0.265,-17.944,-8.362,0.610
0.976,0.106,0.319,-19.226,-7.324,-2.502
0.964,0.101,0.361,-18.799,-7.263,-4.028
0.953,0.096,0.392,-16.113,-8.545,-4.883
0.932,0.083,0.404,-13.855,-11.108,-5.188
0.920,0.068,0.416,-13.306,-13.489,-5.188
0.914,0.050,0.440,-13.428,-15.320,-4.944
0.905,0.033,0.457,-13.306,-17.456,-4.944
0.893,0.015,0.466,-13.062,-19.592,-4.944
0.887,0.013,0.465,-12.634,-21.057,-4.883
0.891,0.025,0.458,-11.963,-21.301,-4.517
0.893,0.032,0.443,-10.925,-19.775,-3.784
0.895,0.041,0.434,-10.986,-16.357,-2.869
0.900,0.052,0.435,-12.939,-11.780,-1.709
0.904,0.061,0.455,-15.625,-7.629,-1.038
0.912,0.065,0.470,-17.822,-5.249,-0.793
0.919,0.063,0.476,-18.250,-4.639,-1.160
0.928,0.071,0.487,-16.602,-5.188,-2.319
0.928,0.069,0.493,-14.099,-6.958,-3.784
0.924,0.064,0.497,-11.292,-9.705,-5.371
0.928,0.064,0.499,-6.836,-12.939,-7.690
0.926,0.068,0.475,-1.343,-16.785,-10.193
0.913,0.070,0.450,2.502,-19.775,-12.268
0.913,0.060,0.438,2.563,-20.752,-13.855
0.906,0.062,0.439,-0.061,-19.897,-14.893
0.893,0.055,0.452,-3.967,-17.456,-14.893
0.894,0.039,0.479,-7.996,-13.916,-14.404
0.888,0.026,0.495,-11.230,-10.376,-13.489
0.881,0.020,0.501,-13.123,-7.019,-11.841
0.876,0.017,0.501,-13.977,-3.845,-9.827
0.873,0.014,0.498,-14.465,-0.671,-7.324
0.870,0.019,0.500,-14.893,2.808,-5.005
0.875,0.024,0.500,-13.977,5.676,-3.113
0.884,0.030,0.497,-10.742,7.202,-1.709
0.893,0.042,0.490,-6.653,7.385,-1.892
0.899,0.053,0.474,-2.747,6.042,-2.991
0.893,0.068,0.449,0.000,3.723,-4.700
0.885,0.083,0.426,0.854,1.282,-6.470
0.873,0.085,0.414,-0.244,-0.793,-8.057
0.867,0.079,0.419,-3.662,-2.380,-8.911
0.855,0.070,0.416,-6.836,-3.418,-9.094
0.841,0.056,0.419,-8.911,-3.662,-8.545

1.487,1.538,0.052,-18.738,-132.568,164.246
1.752,1.827,0.018,2.869,-166.382,148.010
1.989,1.997,-0.075,9.583,-199.585,125.549
2.155,2.113,-0.236,-14.709,-223.511,99.121
2.135,2.147,-0.267,-67.078,-230.835,68.542
2.108,2.134,-0.044,-132.385,-223.694,32.349
2.078,2.070,0.334,-197.449,-213.806,-9.094
1.912,1.912,0.610,-247.437,-208.313,-56.152
1.693,1.806,0.850,-278.809,-207.153,-104.309
1.479,1.725,1.071,-284.363,-210.266,-145.813
1.252,1.600,1.220,-267.334,-218.567,-177.795
1.055,1.450,1.231,-234.741,-229.736,-201.111
0.880,1.324,1.231,-197.876,-239.075,-219.543
0.706,1.221,1.329,-168.213,-243.591,-235.535
0.541,1.131,1.409,-149.475,-246.033,-249.268
0.375,1.057,1.432,-136.963,-247.681,-259.888
0.230,0.985,1.445,-124.451,-247.314,-266.052
0.099,0.918,1.467,-108.337,-242.615,-268.494
-0.016,0.891,1.499,-90.393,-233.215,-267.334
-0.104,0.864,1.495,-71.228,-219.604,-261.169
-0.167,0.832,1.420,-51.758,-200.562,-250.671
-0.215,0.775,1.355,-35.461,-174.255,-236.877
-0.252,0.732,1.327,-25.269,-142.090,-222.595
-0.282,0.748,1.347,-19.104,-109.131,-209.106
-0.304,0.785,1.421,-14.771,-79.834,-194.397
-0.297,0.803,1.554,-11.169,-57.861,-179.321
-0.270,0.805,1.670,-7.935,-44.800,-165.405
-0.239,0.836,1.757,-2.869,-38.208,-153.381
-0.194,0.879,1.798,8.484,-34.546,-141.785
-0.159,0.899,1.793,25.574,-30.396,-130.798
-0.135,0.912,1.745,43.213,-22.644,-120.300
-0.118,0.931,1.635,59.021,-10.071,-109.985
-0.127,0.927,1.465,73.669,7.263,-99.609
-0.142,0.886,1.304,86.121,30.457,-89.172
-0.147,0.870,1.195,93.811,56.213,-79.285
-0.153,0.868,1.104,96.375,79.773,-68.787
-0.174,0.833,1.007,93.994,98.999,-56.763
-0.167,0.757,0.921,89.233,114.746,-45.227
-0.136,0.700,0.887,84.778,126.221,-35.522
-0.096,0.653,0.884,82.703,131.775,-27.344
-0.042,0.627,0.888,83.923,130.371,-21.057
0.023,0.581,0.868,88.257,122.498,-16.663
0.082,0.517,0.827,94.971,109.924,-15.015
0.145,0.479,0.786,101.929,94.910,-16.113
0.199,0.459,0.731,108.521,79.041,-18.799
0.230,0.435,0.655,114.258,64.209,-20.935
0.264,0.430,0.575,118.713,52.979,-22.644
0.286,0.419,0.500,121.582,46.387,-21.790
0.297,0.400,0.432,121.399,44.189,-18.677
0.318,0.396,0.375,118.103,46.021,-13.306
0.340,0.387,0.337,112.671,50.171,-6.287
0.361,0.365,0.327,105.957,55.054,0.916
0.391,0.342,0.328,98.572,59.937,8.301
0.423,0.301,0.327,91.248,63.232,14.343
0.448,0.261,0.318,85.327,65.674,17.334
0.466,0.232,0.314,81.787,67.139,17.090
0.483,0.215,0.318,80.444,67.993,14.832
0.503,0.205,0.321,81.482,66.467,11.719
0.521,0.192,0.312,84.656,62.256,8.850
0.541,0.178,0.286,88.318,56.152,7.019
0.557,0.163,0.249,91.064,49.438,6.592
0.573,0.145,0.206,92.957,43.152,7.446
0.588,0.139,0.173,91.980,38.208,10.071
0.612,0.132,0.137,88.013,34.302,14.343
0.635,0.125,0.108,80.627,31.860,18.982
0.660,0.108,0.090,70.740,31.433,23.621
0.690,0.097,0.098,59.265,32.288,26.794
0.719,0.090,0.132,48.584,32.654,27.771
0.739,0.085,0.181,39.795,31.494,26.978
0.764,0.075,0.241,34.790,28.809,24.841
0.799,0.063,0.266,34.180,23.071,21.790
0.815,0.053,0.263,37.354,15.442,18.311
0.825,0.055,0.257,41.931,7.874,15.137
0.829,0.056,0.245,45.288,2.075,13.062
0.835,0.056,0.215,46.265,-1.526,12.878
0.837,0.048,0.189,44.983,-2.136,13.000
0.841,0.044,0.190,40.710,-0.427,13.245
0.844,0.041,0.204,33.386,2.869,13.306
0.847,0.047,0.251,24.048,6.104,13.184
0.852,0.044,0.302,15.137,7.568,13.733
0.855,0.028,0.349,7.935,7.080,14.282
0.864,0.027,0.404,3.296,5.432,13.367
0.879,0.026,0.464,1.648,2.258,11.475
0.896,0.022,0.505,4.272,-2.319,8.118
0.894,0.015,0.513,10.559,-7.202,3.357
0.890,0.014,0.510,17.090,-11.963,-2.136
0.881,0.020,0.505,22.156,-15.442,-6.958
0.867,0.033,0.499,25.513,-17.151,-11.658
0.846,0.045,0.485,25.757,-17.639,-14.648
0.822,0.042,0.484,23.437,-16.724,-14.893
0.804,0.027,0.500,18.494,-14.832,-12.939
0.793,0.004,0.524,12.085,-12.878,-9.583
0.782,-0.017,0.547,5.249,-11.597,-6.287
0.772,-0.031,0.573,-0.610,-10.437,-3.906
0.765,-0.049,0.599,-4.517,-9.583,-1.892
0.764,-0.062,0.629,-5.371,-8.789,-0.671
0.762,-0.060,0.645,-3.418,-7.935,0.122
0.763,-0.051,0.638,0.000,-6.958,1.282
0.762,-0.039,0.625,3.784,-4.883,2.258
0.764,-0.021,0.613,6.836,-2.258,3.296
0.768,-0.006,0.600,8.240,0.793,4.456
0.776,0.007,0.588,8.057,3.052,5.310
0.784,0.026,0.583,7.629,4.028,5.554
0.786,0.043,0.574,6.714,3.479,5.798
0.795,0.042,0.577,5.005,2.136,5.615
0.807,0.029,0.580,3.052,0.488,4.517
0.803,0.035,0.579,1.160,-1.343,2.380
0.795,0.039,0.579,0.122,-2.258,1.099
0.791,0.022,0.576,-0.427,-2.625,1.221
0.789,0.016,0.563,-0.610,-2.014,1.465
0.785,0.012,0.555,-0.366,-0.183,1.648
0.782,0.011,0.546,-0.183,2.563,2.075
0.781,0.014,0.538,-0.305,5.554,2.747
0.786,0.008,0.535,-0.549,7.996,3.723
0.789,0.008,0.532,-0.671,9.766,4.211
0.787,0.013,0.535,-1.465,10.437,4.333
0.789,0.013,0.546,-2.869,9.705,4.517
0.790,0.010,0.560,-5.249,7.446,4.700
0.792,0.000,0.578,-6.897,3.967,4.395

1.897,2.014,0.146,-28.259,-152.100,218.201
2.418,2.237,0.199,-13.062,-208.069,182.068
2.821,2.469,0.244,-23.132,-255.737,119.385
2.850,2.573,0.254,-54.504,-281.555,41.626
2.702,2.552,0.324,-93.567,-279.541,-37.048
2.521,2.454,0.535,-134.644,-256.531,-103.210
2.302,2.299,0.742,-171.265,-227.966,-151.001
2.018,2.074,0.913,-200.684,-203.308,-184.875
1.720,1.817,1.086,-215.820,-185.059,-210.266
1.433,1.588,1.229,-213.196,-174.744,-230.957
1.140,1.389,1.274,-193.604,-170.471,-247.192
0.874,1.245,1.261,-165.039,-167.297,-258.911
0.630,1.155,1.212,-136.902,-160.950,-266.235
0.426,1.091,1.164,-114.624,-149.963,-268.311
0.254,1.035,1.139,-100.891,-135.193,-266.785
0.118,0.979,1.140,-94.971,-120.117,-262.207
0.006,0.903,1.158,-92.834,-107.056,-256.226
-0.085,0.831,1.185,-90.271,-97.961,-249.756
-0.163,0.776,1.185,-85.876,-93.262,-242.493
-0.225,0.732,1.161,-79.285,-91.309,-233.459
-0.252,0.702,1.139,-70.923,-90.149,-223.206
-0.261,0.689,1.112,-62.622,-88.440,-212.341
-0.260,0.697,1.100,-56.091,-85.205,-201.599
-0.251,0.722,1.103,-50.720,-81.421,-190.674
-0.229,0.741,1.111,-46.082,-77.332,-179.321
-0.199,0.751,1.145,-40.588,-73.975,-168.457
-0.159,0.775,1.201,-33.813,-72.266,-158.630
-0.117,0.806,1.266,-25.208,-73.425,-150.330
-0.075,0.822,1.327,-16.235,-76.294,-143.555
-0.030,0.804,1.370,-8.179,-78.918,-138.672
-0.014,0.797,1.403,-0.366,-79.468,-134.644
0.015,0.791,1.421,9.827,-77.820,-129.211
0.042,0.755,1.394,21.790,-72.998,-121.216
0.045,0.680,1.323,32.776,-63.599,-111.023
0.037,0.618,1.244,38.757,-48.218,-100.098
0.035,0.570,1.182,41.687,-27.466,-88.623
0.041,0.530,1.154,43.579,-4.639,-76.660
0.053,0.490,1.136,44.373,17.578,-64.880
0.064,0.461,1.116,44.739,36.987,-54.077
0.074,0.443,1.099,47.424,51.270,-44.739
0.086,0.428,1.077,51.941,59.814,-36.926
0.099,0.431,1.055,56.152,63.293,-30.273
0.131,0.431,1.046,61.523,62.378,-24.109
0.166,0.418,1.030,68.054,57.068,-19.104
0.192,0.404,0.977,74.341,49.438,-15.076
0.197,0.386,0.905,78.735,41.992,-11.780
0.203,0.383,0.835,81.421,37.231,-8.484
0.215,0.384,0.789,83.191,34.912,-5.310
0.229,0.377,0.765,84.595,33.569,-1.953
0.246,0.372,0.751,86.182,32.837,2.014
0.274,0.345,0.722,88.440,33.691,5.432
0.283,0.294,0.678,91.797,38.269,7.996
0.278,0.271,0.650,95.093,46.631,9.155
0.280,0.273,0.645,98.572,56.885,11.169
0.290,0.260,0.638,103.149,65.796,15.381
0.301,0.238,0.618,107.788,71.655,20.447
0.313,0.241,0.592,111.267,74.585,25.085
0.327,0.242,0.574,112.854,75.073,29.541
0.352,0.239,0.551,112.488,74.097,33.691
0.381,0.227,0.531,111.084,71.350,37.354
0.405,0.200,0.489,109.985,67.749,39.063
0.412,0.170,0.437,107.849,64.636,38.940
0.413,0.150,0.380,104.736,64.026,38.025
0.424,0.140,0.322,101.318,65.674,37.781
0.444,0.140,0.259,98.145,69.153,38.818
0.470,0.137,0.203,94.238,73.730,41.870
0.511,0.138,0.154,89.722,79.590,46.021
0.561,0.144,0.115,84.717,85.388,50.232
0.628,0.161,0.084,79.468,90.027,53.772
0.681,0.165,0.071,73.364,92.041,56.396
0.732,0.175,0.070,65.918,90.271,57.434
0.779,0.187,0.080,57.922,84.229,57.190
0.828,0.187,0.100,51.147,73.608,56.030
0.879,0.090,0.147,45.105,58.655,53.650
0.927,0.047,0.174,40.039,39.856,46.692
0.947,0.056,0.193,36.926,19.958,36.438
0.936,0.068,0.207,36.255,2.441,27.039
0.940,0.067,0.213,36.438,-9.155,19.409
0.948,0.065,0.220,35.400,-15.442,13.916
0.938,0.061,0.231,32.532,-16.479,10.559
0.929,0.060,0.246,27.588,-12.817,9.338
0.915,0.057,0.262,20.325,-5.737,10.071
0.903,0.049,0.295,11.169,3.784,12.085
0.903,0.045,0.347,2.258,14.465,14.282
0.902,0.035,0.411,-3.418,22.278,15.320
0.903,0.023,0.471,-5.432,25.452,14.648
0.888,0.013,0.520,-4.272,23.743,12.024
0.880,0.019,0.562,-0.244,18.494,8.301
0.877,0.022,0.583,5.737,10.193,4.456
0.865,0.026,0.573,11.902,0.854,0.916
0.857,0.038,0.560,16.357,-6.042,-1.953
0.855,0.042,0.551,18.616,-9.644,-3.906
0.853,0.047,0.546,19.043,-11.047,-5.310
0.843,0.060,0.547,18.860,-10.193,-6.714
0.833,0.066,0.551,17.334,-7.874,-6.531
0.827,0.053,0.549,14.832,-5.188,-5.554
0.816,0.037,0.547,11.902,-1.770,-4.761
0.806,0.031,0.556,9.094,2.319,-3.784
0.801,0.026,0.567,7.080,5.737,-2.502
0.795,0.021,0.574,4.883,8.240,-1.282
0.785,0.017,0.580,2.319,9.766,-0.122
0.783,0.019,0.596,0.427,10.620,0.610
0.782,0.008,0.604,-0.244,10.071,1.465
0.777,-0.000,0.603,0.793,8.362,1.953
0.778,0.004,0.600,3.052,6.287,1.709
0.778,0.004,0.590,6.042,4.333,1.526
0.779,0.005,0.571,8.667,2.441,1.160
0.776,0.007,0.553,9.888,1.038,0.793
0.777,0.014,0.541,10.010,0.488,0.610
0.779,0.031,0.532,8.850,0.122,1.404
0.783,0.033,0.528,6.592,-0.061,2.563
0.795,0.029,0.529,3.235,0.122,3.967
0.808,0.024,0.537,-0.122,0.610,4.028
0.811,0.016,0.542,-2.319,1.465,2.991
0.810,0.021,0.558,-3.052,2.686,1.160
0.805,0.020,0.573,-2.747,3.540,-0.183
0.805,0.007,0.578,-0.671,3.784,-1.160
0.799,-0.000,0.571,2.258,3.296,-1.953
0.794,0.005,0.571,5.554,2.258,-2.625

1.224,1.092,0.507,-57.983,-115.479,159.363
1.413,1.156,0.488,-41.870,-131.287,130.371
1.567,1.250,0.491,-26.794,-147.278,95.642
1.704,1.424,0.461,-21.851,-164.185,60.608
1.804,1.555,0.408,-29.724,-178.223,32.227
1.922,1.592,0.423,-50.903,-183.594,11.230
1.961,1.541,0.452,-85.510,-179.687,-3.906
1.947,1.486,0.509,-126.404,-166.321,-17.273
1.900,1.415,0.644,-160.217,-145.691,-33.020
1.807,1.335,0.765,-181.885,-123.657,-51.086
1.662,1.252,0.834,-192.627,-103.149,-69.397
1.478,1.169,0.890,-196.167,-84.717,-85.632
1.289,1.090,0.977,-193.787,-68.970,-98.145
1.162,0.991,1.076,-184.265,-58.716,-107.361
1.053,0.870,1.183,-167.542,-57.922,-117.065
0.935,0.815,1.249,-150.146,-67.932,-130.066
0.815,0.771,1.257,-133.850,-84.351,-143.555
0.713,0.742,1.240,-116.272,-101.501,-156.372
0.610,0.752,1.183,-98.755,-116.394,-166.992
0.516,0.764,1.102,-84.167,-125.305,-172.729
0.443,0.778,1.016,-74.341,-126.343,-173.645
0.384,0.797,0.942,-69.336,-119.568,-170.959
0.335,0.813,0.911,-68.176,-105.774,-165.649
0.312,0.833,0.943,-71.289,-88.684,-159.180
0.311,0.861,0.975,-76.599,-72.998,-151.489
0.300,0.854,1.006,-80.505,-60.303,-143.860
0.305,0.825,1.115,-83.923,-50.720,-138.428
0.342,0.807,1.201,-84.717,-46.753,-136.536
0.369,0.794,1.257,-77.026,-49.805,-137.756
0.399,0.832,1.290,-61.523,-58.044,-141.663
0.427,0.888,1.254,-44.128,-67.871,-144.348
0.433,0.912,1.206,-30.090,-73.364,-145.020
0.438,0.943,1.179,-21.179,-71.960,-144.531
0.429,0.978,1.168,-17.029,-64.941,-142.944
0.417,0.979,1.183,-15.503,-54.688,-139.954
0.413,0.945,1.214,-15.137,-43.335,-136.780
0.399,0.919,1.230,-14.526,-32.288,-135.193
0.363,0.905,1.248,-14.282,-21.851,-134.949
0.334,0.879,1.269,-14.465,-11.780,-134.705
0.297,0.832,1.282,-10.437,-4.517,-134.277
0.261,0.763,1.259,0.122,-0.122,-132.751
0.219,0.689,1.222,13.611,2.747,-131.470
0.167,0.630,1.199,25.085,5.798,-131.775
0.115,0.573,1.187,33.142,8.179,-133.057
0.069,0.538,1.192,40.405,9.033,-133.179
0.031,0.513,1.187,49.744,7.202,-130.493
0.010,0.490,1.151,60.852,3.967,-125.183
0.010,0.511,1.094,71.533,1.648,-116.760
0.006,0.546,1.035,78.552,2.197,-104.980
-0.005,0.534,1.001,78.369,7.690,-91.248
-0.005,0.495,1.000,72.266,17.456,-77.881
-0.013,0.435,0.999,65.491,29.175,-67.505
-0.020,0.365,1.001,61.584,42.358,-60.425
-0.018,0.291,0.996,65.430,55.603,-56.641
-0.032,0.246,0.948,78.613,65.979,-55.359
-0.069,0.241,0.880,95.520,73.364,-54.138
-0.082,0.246,0.808,111.511,77.515,-49.988
-0.069,0.246,0.714,126.770,77.759,-43.152
-0.035,0.245,0.605,141.357,74.341,-36.011
0.014,0.266,0.470,151.550,68.604,-28.809
0.060,0.299,0.318,152.039,61.890,-20.447
0.117,0.293,0.187,141.968,56.580,-11.047
0.178,0.269,0.083,123.718,54.077,-2.136
0.233,0.250,0.037,99.487,54.199,6.042
0.315,0.244,0.066,72.876,54.749,12.939
0.394,0.224,0.132,49.377,52.795,18.921
0.468,0.185,0.207,32.776,47.607,22.705
0.548,0.137,0.275,25.208,39.795,23.865
0.617,0.093,0.310,27.039,29.907,23.071
0.673,0.063,0.306,36.072,19.592,20.752
0.726,0.047,0.270,47.852,10.986,17.944
0.767,0.044,0.216,57.556,5.493,14.526
0.794,0.052,0.175,61.218,3.296,10.864
0.813,0.060,0.144,58.594,3.418,7.812
0.811,0.036,0.139,50.659,5.127,6.348
0.818,0.019,0.176,39.673,7.629,4.944
0.828,0.013,0.217,28.198,9.216,4.333
0.839,-0.002,0.266,18.799,9.644,4.150
0.844,-0.025,0.306,11.719,10.193,3.723
0.843,-0.035,0.324,6.226,12.024,3.174
0.832,-0.038,0.343,2.075,15.869,2.930
0.828,-0.048,0.368,-1.282,21.606,4.028
0.838,-0.049,0.395,-3.296,26.978,5.493
0.841,-0.033,0.416,-2.380,30.029,6.470
0.844,-0.042,0.445,-1.709,30.457,6.836
0.844,-0.056,0.468,-1.770,29.114,5.615
0.838,-0.041,0.483,-1.282,26.306,3.296
0.830,-0.036,0.487,0.366,22.522,2.380
0.835,-0.044,0.493,1.221,18.677,3.113
0.838,-0.051,0.481,0.610,15.808,4.211
0.827,-0.052,0.469,-1.831,14.465,5.310
0.816,-0.074,0.495,-5.920,15.015,6.531
0.821,-0.063,0.533,-9.460,15.808,6.958
0.815,-0.071,0.558,-9.460,14.465,6.592
0.812,-0.092,0.578,-6.409,12.329,4.578
0.795,-0.093,0.585,-2.441,10.437,1.343
0.782,-0.067,0.590,1.709,8.728,-1.648
0.771,-0.055,0.589,4.883,7.019,-2.747
0.766,-0.050,0.592,5.676,5.188,-2.686
0.773,-0.034,0.592,4.883,3.296,-2.197
0.783,-0.021,0.599,3.540,1.648,-0.916
0.800,-0.014,0.603,1.404,0.488,0.671
0.813,-0.008,0.603,-1.099,0.549,1.892
0.821,0.008,0.613,-4.211,2.075,3.174
0.834,0.007,0.617,-6.348,4.822,4.333
0.844,0.000,0.623,-7.568,8.057,4.761
0.842,-0.000,0.629,-7.446,11.353,4.089
0.836,-0.006,0.645,-6.714,13.672,2.991
0.839,-0.024,0.660,-4.517,13.733,1.404
0.834,-0.031,0.659,-0.366,11.292,-1.465
0.819,-0.029,0.637,5.066,7.446,-3.906
0.810,-0.033,0.602,9.460,3.845,-5.127
0.801,-0.033,0.564,11.780,1.709,-5.615
0.795,-0.020,0.540,11.047,1.587,-5.310
0.791,-0.016,0.529,8.484,2.563,-3.845
0.793,-0.026,0.528,5.432,3.784,-1.587
0.793,-0.026,0.533,2.686,4.395,0.244
0.793,-0.026,0.540,1.160,4.028,1.587
0.794,-0.026,0.547,0.793,2.747,2.502

1.865,1.238,0.644,-86.304,-101.196,197.998
2.314,1.305,0.792,-57.068,-136.719,175.720
2.642,1.518,0.732,-36.011,-181.152,137.695
2.920,1.747,0.658,-25.391,-217.285,88.562
3.069,1.764,0.571,-24.963,-233.521,31.555
2.986,1.747,0.469,-43.091,-226.379,-28.870
2.781,1.742,0.519,-77.576,-197.815,-86.121
2.553,1.704,0.673,-116.943,-160.156,-131.775
2.288,1.624,0.833,-147.583,-128.906,-164.917
2.000,1.478,0.969,-161.377,-109.192,-187.378
1.703,1.312,1.013,-157.898,-99.854,-205.566
1.420,1.195,1.001,-146.057,-96.497,-223.083
1.135,1.144,0.975,-134.827,-94.849,-239.502
0.884,1.111,0.961,-128.540,-93.201,-251.770
0.679,1.066,0.970,-127.258,-92.041,-258.118
0.505,1.008,1.008,-129.333,-91.675,-259.888
0.369,0.963,1.054,-130.676,-92.773,-258.911
0.250,0.907,1.093,-128.357,-95.032,-255.737
0.156,0.857,1.132,-123.657,-98.206,-250.305
0.107,0.814,1.144,-115.784,-101.807,-243.042
0.076,0.786,1.117,-104.126,-104.675,-234.436
0.077,0.778,1.069,-89.722,-103.516,-224.854
0.075,0.771,1.005,-74.768,-96.741,-213.989
0.078,0.789,0.977,-62.988,-84.045,-202.026
0.083,0.815,0.970,-56.396,-68.237,-188.416
0.101,0.824,0.962,-54.260,-51.514,-173.462
0.120,0.814,0.990,-54.810,-35.522,-159.668
0.141,0.826,1.057,-54.504,-22.339,-149.292
0.156,0.846,1.119,-51.086,-16.052,-141.968
0.174,0.870,1.160,-45.410,-16.663,-135.986
0.193,0.880,1.199,-37.659,-21.912,-130.737
0.194,0.887,1.237,-28.687,-29.358,-127.197
0.184,0.874,1.283,-19.592,-36.621,-123.901
0.177,0.838,1.307,-8.606,-42.664,-120.728
0.161,0.784,1.300,4.456,-46.387,-117.615
0.129,0.729,1.269,18.188,-46.448,-114.014
0.096,0.691,1.249,32.532,-40.894,-109.497
0.065,0.656,1.198,45.715,-30.884,-103.210
0.039,0.631,1.128,56.213,-16.785,-93.384
0.023,0.612,1.072,62.317,0.916,-81.177
0.026,0.595,1.026,63.843,21.240,-67.383
0.029,0.572,1.001,62.500,41.931,-53.406
0.041,0.542,1.001,60.547,59.814,-40.222
0.048,0.502,0.999,60.425,72.327,-27.954
0.063,0.453,0.999,61.646,79.590,-17.578
0.085,0.414,1.000,64.941,81.238,-10.254
0.093,0.368,0.992,70.557,77.637,-5.615
0.115,0.327,0.968,78.064,69.763,-3.235
0.138,0.300,0.919,87.463,59.021,-2.502
0.154,0.289,0.871,98.145,47.302,-1.770
0.176,0.273,0.811,107.971,36.133,0.305
0.204,0.249,0.733,116.638,26.428,2.991
0.239,0.241,0.650,123.291,20.142,5.493
0.271,0.235,0.564,126.526,19.531,7.935
0.301,0.238,0.492,125.061,25.085,10.925
0.339,0.253,0.450,119.507,34.607,16.113
0.388,0.246,0.416,112.915,45.227,22.888
0.433,0.203,0.371,107.239,54.932,29.114
0.471,0.174,0.323,100.586,63.904,33.875
0.505,0.173,0.283,92.957,71.533,37.659
0.550,0.153,0.246,87.219,76.965,41.687
0.596,0.140,0.215,82.703,80.139,45.837
0.647,0.134,0.175,79.407,80.627,49.622
0.688,0.102,0.150,77.148,79.102,52.002
0.733,0.087,0.132,73.914,76.416,50.659
0.766,0.083,0.102,69.275,72.144,47.241
0.792,0.078,0.088,63.660,66.528,42.358
0.810,0.081,0.094,57.312,59.326,37.109
0.824,0.073,0.091,51.880,50.232,31.982
0.834,0.057,0.093,47.180,39.673,26.733
0.838,0.055,0.110,43.030,27.771,21.240
0.836,0.056,0.136,39.246,15.381,16.357
0.824,0.038,0.169,36.865,3.418,12.207
0.820,0.024,0.193,36.011,-6.775,9.033
0.824,0.007,0.228,36.682,-15.320,7.019
0.819,-0.004,0.259,38.147,-21.729,5.432
0.810,-0.010,0.282,38.330,-25.391,4.517
0.812,-0.026,0.301,36.987,-26.001,4.822
0.813,-0.026,0.314,34.424,-24.170,5.737
0.800,-0.051,0.320,30.029,-20.264,7.507
0.796,-0.060,0.336,24.353,-14.099,8.972
0.787,-0.056,0.376,18.250,-7.141,10.498
0.779,-0.049,0.425,12.756,-1.709,12.390
0.781,-0.061,0.470,9.216,2.502,14.160
0.776,-0.068,0.509,8.057,4.822,15.198
0.771,-0.052,0.550,9.155,4.944,15.259
0.771,-0.050,0.589,12.451,2.380,15.442
0.785,-0.049,0.617,17.273,-2.136,14.893
0.791,-0.023,0.614,22.461,-7.690,13.550
0.790,-0.013,0.603,26.733,-12.817,12.146
0.806,-0.023,0.600,29.480,-15.747,10.315
0.804,-0.013,0.594,31.738,-16.541,7.812
0.792,0.000,0.586,32.898,-16.052,6.226
0.796,0.009,0.574,32.227,-14.465,6.775
0.801,0.005,0.556,28.748,-11.902,9.155
0.805,-0.008,0.539,22.949,-8.057,11.536
0.805,-0.019,0.528,15.442,-2.930,13.367
0.799,-0.031,0.539,7.568,3.784,14.832
0.799,-0.039,0.578,1.709,10.071,16.296
0.807,-0.050,0.616,-0.183,13.611,16.968
0.807,-0.058,0.636,1.465,12.695,16.602
0.814,-0.057,0.645,4.822,8.423,14.832
0.822,-0.051,0.639,8.789,2.319,12.512
0.824,-0.041,0.620,12.329,-3.479,10.254
0.828,-0.035,0.593,14.282,-7.690,8.423
0.831,-0.024,0.574,14.343,-9.460,7.446
0.842,-0.007,0.565,12.878,-9.583,7.019
0.846,-0.000,0.559,10.071,-8.423,6.897
0.852,-0.005,0.554,6.165,-6.531,7.141
0.856,-0.010,0.557,1.770,-4.089,6.958
0.855,-0.012,0.569,-1.343,-1.587,6.104
0.852,-0.008,0.582,-3.418,0.244,5.432
0.848,-0.011,0.589,-4.517,1.709,5.127
0.844,-0.025,0.585,-4.456,2.502,4.883
0.834,-0.036,0.590,-3.235,3.479,4.456
0.829,-0.038,0.604,-1.099,3.784,4.028
0.825,-0.042,0.614,2.075,2.380,3.235
0.820,-0.051,0.612,5.737,-1.038,2.075
0.818,-0.050,0.608,9.399,-5.005,0.305

1.914,1.109,0.126,-62.134,-156.738,91.980
2.093,1.165,0.271,-95.886,-150.024,85.815
2.270,1.256,0.469,-129.211,-137.878,69.458
2.365,1.319,0.649,-155.579,-127.136,43.762
2.358,1.318,0.767,-173.096,-118.347,9.521
2.289,1.331,0.853,-182.800,-110.046,-30.090
2.156,1.295,0.879,-184.509,-102.295,-73.120
1.945,1.256,0.923,-180.664,-95.215,-116.394
1.717,1.242,0.960,-174.927,-89.783,-153.320
1.469,1.197,0.989,-167.053,-88.562,-180.969
1.223,1.114,1.030,-158.630,-91.553,-200.928
1.012,1.004,1.051,-151.489,-97.351,-215.149
0.826,0.897,1.100,-142.822,-104.004,-226.135
0.659,0.815,1.161,-131.714,-111.023,-234.497
0.516,0.765,1.165,-118.225,-117.920,-238.831
0.391,0.729,1.122,-102.783,-122.070,-238.159
0.279,0.715,1.086,-89.233,-120.789,-232.178
0.195,0.726,1.082,-81.787,-114.807,-222.351
0.158,0.732,1.076,-79.346,-105.713,-209.412
0.122,0.713,1.047,-79.712,-94.727,-194.580
0.115,0.698,1.031,-81.726,-80.322,-179.565
0.127,0.676,1.049,-84.106,-62.012,-166.870
0.155,0.670,1.107,-84.351,-42.786,-157.227
0.199,0.671,1.180,-80.078,-27.771,-151.001
0.222,0.670,1.244,-71.411,-20.874,-146.790
0.258,0.676,1.302,-59.814,-22.278,-143.372
0.294,0.695,1.327,-45.837,-30.273,-139.282
0.313,0.723,1.331,-31.433,-40.588,-134.766
0.339,0.745,1.323,-18.982,-49.194,-130.859
0.354,0.738,1.303,-9.644,-53.223,-128.845
0.350,0.731,1.285,-2.136,-51.758,-128.723
0.338,0.751,1.292,3.540,-46.021,-128.967
0.307,0.745,1.310,8.362,-37.170,-127.625
0.271,0.710,1.343,12.512,-27.039,-124.146
0.222,0.661,1.386,17.090,-17.395,-118.958
0.172,0.623,1.439,23.804,-9.949,-111.694
0.142,0.577,1.483,34.912,-4.822,-102.844
0.133,0.536,1.492,47.485,-0.061,-94.055
0.125,0.514,1.471,58.167,6.226,-87.097
0.102,0.477,1.408,66.345,15.442,-81.360
0.068,0.427,1.344,72.571,27.405,-75.562
0.047,0.409,1.299,78.796,40.833,-69.275
0.027,0.393,1.242,86.487,52.429,-62.134
0.011,0.378,1.166,93.567,61.279,-54.321
0.005,0.370,1.089,98.755,67.810,-46.570
-0.002,0.365,1.023,102.173,72.449,-39.246
-0.005,0.355,0.976,103.638,75.195,-32.227
0.008,0.366,0.944,104.492,75.928,-25.635
0.026,0.371,0.921,106.628,73.547,-19.470
0.045,0.357,0.897,109.863,68.054,-13.550
0.074,0.348,0.847,113.586,59.387,-8.179
0.098,0.329,0.775,117.126,49.744,-3.845
0.139,0.283,0.693,117.432,42.114,-0.488
0.175,0.216,0.602,115.662,38.635,0.427
0.192,0.173,0.511,114.319,40.527,-0.244
0.208,0.141,0.433,114.563,47.668,-0.610
0.228,0.118,0.354,115.662,58.289,0.916
0.239,0.126,0.272,115.784,70.068,5.310
0.276,0.137,0.184,112.915,81.238,12.817
0.322,0.135,0.112,107.483,91.003,22.888
0.383,0.107,0.053,98.999,98.694,33.203
0.447,0.068,0.021,87.585,103.394,41.443
0.523,0.038,0.007,74.524,104.309,46.814
0.595,0.010,0.002,62.134,101.257,48.340
0.644,0.000,0.011,52.246,93.811,46.936
0.695,-0.005,0.038,44.434,83.435,43.640
0.749,-0.023,0.058,39.063,71.289,38.391
0.782,-0.037,0.049,37.903,59.387,31.982
0.797,-0.062,0.052,40.100,49.561,26.550
0.831,-0.068,0.078,44.250,41.626,22.400
0.866,-0.069,0.099,49.622,31.982,18.311
0.889,-0.057,0.099,55.603,20.569,13.916
0.896,-0.037,0.079,58.777,8.667,10.437
0.901,-0.042,0.056,57.617,-0.793,8.972
0.909,-0.047,0.039,52.307,-5.859,8.911
0.910,-0.047,0.031,43.762,-6.897,9.827
0.906,-0.067,0.027,33.813,-5.493,11.292
0.908,-0.102,0.047,23.743,-1.648,12.878
0.911,-0.132,0.097,15.076,3.113,13.794
0.904,-0.164,0.139,8.972,6.958,13.367
0.888,-0.188,0.195,5.127,9.583,12.207
0.885,-0.202,0.256,4.333,10.864,10.742
0.873,-0.192,0.294,6.287,9.521,9.155
0.866,-0.178,0.315,8.301,6.226,8.972
0.872,-0.163,0.334,9.399,1.953,9.583
0.880,-0.151,0.357,8.728,-2.380,10.010
0.887,-0.134,0.384,5.554,-5.493,10.254
0.890,-0.091,0.416,0.793,-7.507,10.925
0.904,-0.057,0.460,-3.479,-8.728,12.512
0.925,-0.060,0.500,-6.348,-9.644,13.794
0.939,-0.049,0.534,-8.118,-10.315,13.428
0.953,-0.041,0.565,-8.179,-10.864,11.597
0.965,-0.066,0.582,-6.287,-11.597,7.690
0.954,-0.078,0.576,-3.296,-11.169,1.892
0.936,-0.078,0.567,0.183,-8.850,-3.967
0.916,-0.077,0.576,2.991,-5.981,-8.606
0.876,-0.084,0.574,5.615,-4.089,-11.963
0.843,-0.097,0.569,7.141,-3.357,-12.329
0.818,-0.118,0.566,8.423,-3.052,-10.498
0.801,-0.134,0.554,8.545,-3.662,-7.507
0.788,-0.148,0.543,6.836,-3.906,-4.700
0.779,-0.149,0.537,3.723,-3.174,-2.380
0.771,-0.151,0.542,0.793,-1.892,0.366
0.769,-0.157,0.554,-1.709,-0.488,3.174
0.779,-0.155,0.571,-2.686,1.038,5.554
0.793,-0.132,0.585,-0.732,1.343,6.409
0.806,-0.121,0.582,2.930,-0.122,6.165
0.813,-0.109,0.565,5.554,-1.953,5.432
0.828,-0.097,0.547,6.714,-2.991,4.089
0.840,-0.094,0.531,7.690,-2.991,2.808
0.843,-0.088,0.514,8.118,-2.075,1.953
0.851,-0.079,0.506,7.812,-0.488,1.038
0.854,-0.064,0.502,7.019,1.282,0.610
0.856,-0.060,0.500,5.005,2.869,0.854
0.861,-0.078,0.497,2.808,4.089,1.404
0.854,-0.091,0.496,1.526,5.127,0.732
0.845,-0.092,0.499,1.160,5.676,-0.122
0.839,-0.098,0.500,1.648,5.432,-0.549
0.835,-0.115,0.493,2.747,4.150,-0.854

1.536,0.989,0.670,-107.422,-108.948,73.364
1.732,1.036,0.830,-104.797,-111.816,57.190
1.916,1.033,0.979,-99.609,-123.291,35.400
2.041,0.991,1.056,-98.145,-137.024,8.118
2.077,0.943,1.034,-102.905,-147.400,-22.766
2.043,0.931,0.974,-108.582,-149.780,-53.467
1.973,0.929,0.984,-110.229,-143.188,-77.881
1.874,0.902,1.027,-109.253,-131.897,-93.445
1.771,0.838,1.065,-107.239,-117.981,-101.379
1.640,0.717,1.041,-102.051,-101.501,-106.018
1.505,0.642,1.064,-95.093,-83.008,-111.450
1.386,0.619,1.090,-88.745,-64.514,-116.821
1.274,0.632,1.110,-83.740,-48.157,-120.850
1.159,0.614,1.085,-79.224,-34.790,-124.390
1.057,0.636,1.037,-76.965,-22.766,-127.625
0.979,0.663,1.018,-76.660,-12.268,-129.272
0.929,0.692,1.001,-77.576,-4.944,-129.333
0.886,0.722,0.994,-80.444,-0.244,-128.235
0.854,0.763,1.000,-84.229,2.747,-126.282
0.829,0.783,1.011,-87.708,3.662,-123.840
0.798,0.777,1.021,-90.942,3.418,-122.314
0.753,0.797,1.062,-92.529,2.747,-123.413
0.728,0.800,1.099,-89.050,0.732,-125.732
0.699,0.779,1.117,-80.078,-3.784,-129.944
0.659,0.770,1.110,-68.848,-9.766,-137.695
0.606,0.769,1.106,-57.922,-15.625,-147.095
0.565,0.779,1.105,-47.974,-20.630,-155.212
0.521,0.787,1.114,-38.574,-25.146,-160.400
0.471,0.791,1.150,-30.762,-28.625,-161.865
0.431,0.772,1.161,-23.132,-31.555,-158.447
0.390,0.757,1.161,-14.099,-32.715,-151.184
0.342,0.736,1.176,-4.944,-30.212,-141.541
0.294,0.699,1.182,1.648,-25.513,-131.348
0.253,0.665,1.202,2.380,-19.958,-123.108
0.229,0.655,1.235,0.427,-15.320,-117.126
0.208,0.647,1.287,0.854,-12.817,-114.258
0.202,0.633,1.337,6.287,-12.024,-114.014
0.214,0.678,1.359,16.724,-13.245,-114.685
0.227,0.751,1.347,29.663,-15.015,-113.159
0.241,0.789,1.342,39.368,-12.695,-109.436
0.218,0.790,1.345,43.945,-5.066,-104.919
0.193,0.734,1.312,46.448,7.141,-99.670
0.161,0.659,1.289,50.171,21.606,-95.276
0.109,0.619,1.269,56.885,34.302,-92.224
0.036,0.583,1.234,65.247,42.542,-87.585
-0.012,0.508,1.181,72.754,46.509,-81.909
-0.045,0.429,1.165,80.566,46.875,-77.271
-0.071,0.406,1.138,90.393,43.274,-74.097
-0.096,0.396,1.088,100.891,36.926,-69.031
-0.110,0.362,1.014,109.863,29.907,-60.852
-0.104,0.329,0.936,115.356,25.635,-52.063
-0.083,0.334,0.846,117.859,25.146,-43.274
-0.069,0.330,0.761,118.652,28.320,-33.325
-0.047,0.285,0.684,116.577,35.278,-22.705
-0.013,0.245,0.628,112.488,45.593,-13.367
0.035,0.239,0.591,109.802,56.152,-6.592
0.071,0.263,0.568,109.497,64.514,-1.526
0.116,0.269,0.528,109.802,68.848,4.639
0.189,0.292,0.486,109.131,69.458,12.207
0.245,0.270,0.422,107.544,67.688,19.775
0.316,0.231,0.340,103.882,66.528,24.963
0.371,0.212,0.260,98.938,67.993,27.039
0.405,0.197,0.199,92.773,71.899,28.564
0.443,0.171,0.149,86.182,76.660,31.189
0.480,0.135,0.103,81.177,80.566,34.851
0.516,0.091,0.069,78.613,82.520,38.147
0.553,0.044,0.051,76.660,81.482,40.405
0.593,0.034,0.042,73.303,77.271,40.894
0.636,0.033,0.040,69.946,70.068,40.771
0.673,0.012,0.039,67.993,59.753,39.795
0.690,-0.008,0.046,65.796,48.157,37.170
0.703,-0.028,0.057,62.866,36.560,34.241
0.725,-0.062,0.083,58.899,26.001,31.372
0.742,-0.092,0.103,54.993,16.968,26.794
0.748,-0.100,0.120,52.795,10.681,21.118
0.772,-0.117,0.135,52.979,6.470,17.029
0.791,-0.133,0.130,54.688,3.357,13.855
0.788,-0.137,0.114,55.481,0.916,11.353
0.783,-0.141,0.109,52.551,-0.183,10.315
0.782,-0.109,0.129,45.166,0.427,11.169
0.791,-0.090,0.162,35.706,1.343,14.282
0.809,-0.067,0.205,25.513,1.831,19.226
0.836,-0.039,0.247,15.076,2.014,25.024
0.867,-0.037,0.296,5.676,2.441,30.212
0.893,-0.037,0.347,-2.014,3.235,32.715
0.915,-0.032,0.404,-7.568,4.089,31.738
0.935,-0.046,0.451,-9.155,4.822,27.588
0.935,-0.052,0.505,-6.958,6.287,20.691
0.931,-0.036,0.546,-1.770,7.874,12.695
0.928,-0.052,0.557,6.348,8.545,4.822
0.911,-0.029,0.557,14.404,7.996,-1.770
0.880,-0.019,0.520,19.653,6.836,-4.395
0.864,-0.025,0.490,20.447,6.592,-3.845
0.848,-0.030,0.476,16.357,7.385,-2.197
0.837,-0.031,0.478,9.521,8.606,0.305
0.828,-0.040,0.499,2.380,9.705,3.174
0.825,-0.052,0.523,-3.906,9.521,5.676
0.822,-0.062,0.554,-8.179,7.446,7.141
0.820,-0.066,0.582,-10.376,3.296,7.935
0.832,-0.078,0.601,-10.559,-2.380,8.057
0.850,-0.092,0.614,-9.094,-7.568,6.104
0.866,-0.089,0.620,-6.653,-11.292,2.136
0.874,-0.089,0.610,-3.784,-12.817,-1.953
0.868,-0.097,0.610,-0.916,-12.268,-4.822
0.857,-0.095,0.614,0.793,-10.864,-7.446
0.851,-0.088,0.618,1.038,-9.399,-9.338
0.847,-0.080,0.606,1.648,-8.789,-9.399
0.844,-0.077,0.580,2.441,-8.057,-7.690
0.836,-0.087,0.549,1.709,-6.287,-5.432
0.832,-0.086,0.529,-0.916,-2.747,-3.723
0.833,-0.070,0.517,-4.639,1.953,-1.953
0.837,-0.058,0.506,-7.568,6.287,0.183
0.832,-0.042,0.488,-9.888,9.399,2.441
0.838,-0.035,0.474,-12.207,11.902,4.517
0.854,-0.035,0.482,-14.038,13.428,5.493
0.870,-0.023,0.502,-14.587,12.756,4.578
0.891,-0.034,0.527,-13.306,9.766,1.465
0.898,-0.036,0.536,-10.681,4.761,-3.418
0.893,-0.024,0.531,-7.141,-0.610,-8.606

1.998,1.135,0.065,2.075,-182.434,106.018
2.285,1.353,0.012,4.456,-215.027,62.927
2.456,1.529,-0.019,-13.855,-228.882,19.836
2.523,1.601,0.073,-54.138,-219.788,-17.456
2.483,1.542,0.296,-108.521,-192.627,-50.842
2.373,1.427,0.602,-163.086,-157.410,-83.740
2.213,1.303,0.901,-204.712,-127.319,-114.624
1.973,1.148,1.141,-222.595,-108.154,-141.357
1.716,1.000,1.316,-219.788,-100.464,-162.292
1.473,0.850,1.341,-200.134,-100.525,-176.270
1.236,0.729,1.286,-171.814,-100.342,-184.631
1.021,0.650,1.211,-145.813,-94.055,-189.331
0.850,0.588,1.099,-127.014,-80.566,-188.904
0.685,0.515,1.075,-112.793,-61.768,-183.960
0.552,0.481,1.085,-104.248,-43.457,-177.979
0.441,0.431,1.057,-96.375,-30.029,-169.983
0.352,0.375,1.051,-86.853,-20.508,-161.621
0.286,0.341,1.048,-79.468,-15.137,-155.457
0.231,0.307,1.005,-74.585,-14.221,-149.475
0.182,0.282,0.974,-70.618,-15.991,-142.578
0.156,0.283,0.954,-68.054,-19.714,-133.972
0.150,0.285,0.869,-66.162,-25.269,-123.230
0.152,0.299,0.791,-65.552,-30.518,-109.741
0.173,0.331,0.733,-68.787,-33.752,-95.215
0.194,0.401,0.693,-76.050,-37.292,-79.590
0.250,0.518,0.728,-85.693,-40.955,-62.256
0.306,0.557,0.827,-94.299,-44.983,-46.570
0.376,0.605,0.929,-102.295,-50.476,-36.865
0.499,0.689,1.066,-104.553,-56.824,-35.400
0.616,0.807,1.223,-95.886,-62.561,-42.725
0.726,0.913,1.329,-77.332,-66.711,-56.091
0.736,0.999,1.382,-53.528,-65.857,-70.435
0.708,1.078,1.449,-31.311,-58.350,-80.322
0.698,1.115,1.494,-14.343,-46.692,-83.862
0.658,1.117,1.539,-3.174,-34.241,-84.290
0.593,1.060,1.563,3.052,-21.362,-83.618
0.501,0.986,1.565,6.592,-8.728,-83.923
0.397,0.906,1.573,11.475,3.174,-85.815
0.294,0.821,1.559,20.447,13.733,-87.219
0.198,0.760,1.508,30.945,21.973,-86.426
0.138,0.734,1.462,40.283,28.992,-82.886
0.111,0.727,1.403,48.218,35.461,-75.867
0.096,0.709,1.329,55.176,41.809,-66.833
0.080,0.673,1.255,59.082,50.598,-58.105
0.064,0.663,1.237,60.852,62.378,-50.720
0.085,0.680,1.223,65.735,72.754,-43.152
0.099,0.663,1.156,74.951,78.674,-35.034
0.095,0.621,1.070,81.604,82.397,-28.137
0.107,0.586,0.992,82.520,86.609,-24.719
0.117,0.566,0.945,79.773,90.454,-24.170
0.124,0.556,0.920,77.881,91.553,-24.170
0.142,0.550,0.901,78.674,88.379,-22.949
0.171,0.499,0.875,83.618,81.726,-21.545
0.197,0.466,0.822,91.370,73.059,-22.705
0.210,0.454,0.756,99.854,64.880,-25.330
0.225,0.435,0.690,108.398,58.228,-27.832
0.222,0.430,0.633,114.746,53.101,-28.687
0.226,0.423,0.563,119.324,50.110,-25.696
0.253,0.402,0.481,122.070,49.011,-19.043
0.288,0.360,0.405,121.460,50.049,-10.986
0.324,0.338,0.341,115.295,52.917,-5.371
0.363,0.310,0.306,104.797,57.678,-1.953
0.405,0.311,0.294,92.163,63.354,1.160
0.438,0.304,0.294,80.261,67.871,4.639
0.477,0.284,0.316,69.946,70.374,7.935
0.519,0.248,0.357,62.256,70.129,9.644
0.550,0.207,0.400,57.678,66.223,8.423
0.574,0.175,0.426,57.434,58.594,4.517
0.597,0.143,0.433,61.401,47.546,-0.793
0.604,0.124,0.427,68.665,35.278,-6.897
0.596,0.111,0.435,76.294,22.949,-14.038
0.585,0.096,0.415,83.313,11.292,-19.592
0.575,0.073,0.371,89.722,1.831,-21.606
0.571,0.047,0.325,92.957,-3.296,-20.691
0.556,0.010,0.281,91.370,-4.211,-17.883
0.541,-0.006,0.266,84.717,-0.793,-13.611
0.538,-0.005,0.271,74.829,5.005,-7.202
0.544,-0.015,0.284,64.575,11.353,0.427
0.562,-0.029,0.311,54.504,17.395,9.644
0.593,-0.051,0.341,46.021,22.583,17.029
0.625,-0.071,0.375,40.039,26.733,21.484
0.661,-0.070,0.403,38.025,30.029,23.071
0.688,-0.066,0.426,40.100,32.166,22.888
0.707,-0.054,0.440,43.213,32.898,21.790
0.726,-0.032,0.446,44.922,32.104,20.996
0.746,-0.016,0.446,45.105,29.968,22.095
0.772,-0.021,0.443,43.518,26.550,24.597
0.797,-0.026,0.415,40.771,23.010,26.611
0.807,-0.050,0.389,37.109,20.691,28.137
0.820,-0.059,0.381,32.837,20.203,28.748
0.820,-0.070,0.383,28.076,20.569,28.442
0.820,-0.082,0.386,23.437,20.935,28.015
0.822,-0.088,0.391,20.081,20.630,27.222
0.829,-0.109,0.390,18.616,19.836,26.062
0.839,-0.124,0.391,17.578,18.738,23.560
0.849,-0.111,0.406,17.273,17.212,20.386
0.868,-0.105,0.405,18.494,13.916,18.005
0.883,-0.092,0.387,20.020,9.644,16.663
0.909,-0.072,0.368,20.447,6.592,16.602
0.949,-0.046,0.363,18.677,5.005,18.127
0.987,-0.037,0.360,15.259,4.150,19.348
1.016,-0.024,0.361,10.498,3.784,19.287
1.040,-0.004,0.376,5.798,3.845,18.188
1.049,0.004,0.401,1.953,2.991,16.235
1.053,-0.001,0.427,-1.038,1.404,13.000
1.047,-0.011,0.454,-3.296,-1.038,8.423
1.038,-0.002,0.488,-3.784,-3.906,2.869
1.024,-0.009,0.517,-2.441,-6.836,-2.441
1.002,-0.021,0.523,0.244,-9.216,-7.202
0.975,-0.019,0.524,3.052,-9.827,-11.353
0.943,-0.033,0.512,5.676,-8.728,-14.404
0.906,-0.050,0.487,6.775,-6.409,-16.235
0.865,-0.059,0.470,6.104,-2.686,-16.968
0.834,-0.058,0.462,4.944,2.014,-16.602
0.804,-0.058,0.458,3.235,5.554,-14.771
0.786,-0.056,0.453,1.343,7.446,-11.902
0.781,-0.050,0.443,-0.061,8.118,-8.789
0.774,-0.052,0.433,-1.221,7.507,-6.042
0.772,-0.053,0.423,-2.563,6.104,-3.967

